41.992041068724355,5.7458568533492596
32.229926406303946,-27.407034313012002
-24.97776475369891,2.9277255697300237
29.358941122360083,-30.392883987091011
11.092322008598041,-20.562803575097046
30.2259572360432,-30.751912740723355
23.609336412209206,-31.074684982271815
29.189208587996578,17.943878427723746
25.949861713221011,-30.551102660123902
20.857169816720372,-18.540330824185403
28.749513705767757,19.316500510311798
36.540137928467615,6.8509659199133006
29.001589619448787,16.057934645650512
38.471891688017948,0.73140862835830101
27.850048511009394,-30.704077825871174
26.655145209970048,15.881164376621463
-12.744262114110802,0.3119750113880384
21.381316086795351,9.2387562002224026
34.043513382864241,-17.930120333859406
31.65661475674758,13.038577401738959
-22.846521552470588,-9.4703797880981426
30.828273427651787,-0.77164873098258546
29.408850808985008,20.149842638669888
16.380836187572218,-23.004416551855702
26.740029737480974,-28.255097955319751
28.899768714325226,7.118457326007614
0.20323496521897866,-18.049312076283382
32.76908312809541,-13.329884571353226
28.019944671277937,-27.954749595645023
27.79796196490847,-27.561450068739827
13.874318095172054,16.706607704974566
28.597319397004448,-28.826442558904596
42.330170657437201,-11.506809759209224
27.000557220865577,-34.400123388336098
10.748840971118192,-15.437184342981938
13.055880299603746,-16.873209984804372
28.388505499011902,7.2901722903957982
27.1027079430791,12.214194109612567
-23.403855417303305,-6.9219679000706495
14.042867944987798,-24.509879517422316
35.57185551815359,11.89563340214597
24.707350089640148,12.392077735242509
28.832476347953197,9.1327244175040985
14.386423513104535,-23.560238378521596
24.386222735278931,17.257966028287782
-9.7024992726244772,-3.3306618991775334
18.350334457516901,-16.99878340680884
47.428684860652993,3.6496012710709569
-14.836209564273195,3.7707282836728595
22.604532401000455,17.90211198144555
30.231695920975937,13.414513246564299
-17.613176907614704,-2.4370028347358113
20.199707616730958,9.237768722296769
10.468371798206292,-15.776111964805246
6.573909111793764,-11.995562099836286
32.432732647579705,16.370342602732656
29.088209319234547,-31.522172464094425
30.230160108176598,-29.42391030946736
-17.322672196231711,-6.5404556296713201
-18.168422453282091,7.9629701274018263
33.473664671391397,-2.1397502565848914
29.547574720685454,21.905364379008059
26.308277593646327,12.033522320841243
21.954351369039475,17.463897455644421
-21.848740663561045,2.7092589993558116
31.954770866656194,-26.977686882064649
-5.758793577924358,-6.9342741860722743
44.593407898855439,-20.827101966284214
29.933806497540282,13.676696764817592
37.802501964815868,16.766970880258739
-17.661581225463785,-7.1922789930938684
30.271478368987989,-27.911310668517778
31.102840041345377,11.21804615030436
28.528654854789931,-30.091892453184467
3.3987101958520949,-16.895130420746494
10.872631613169405,-18.692204382847173
38.634444150225221,18.222343372325494
27.869836322531235,13.962474048279681
-10.894386609159341,-9.2147897836003612
1.482774612650493,1.7457422344945011
32.383291678845922,12.346014429791666
54.702112943754628,7.5654775271160375
16.936102321672955,17.154357083367781
-12.086622863184138,-3.4481780553295458
-11.462581693272885,-1.0070151061130259
17.547537429980316,-14.314999146415586
9.6101057725931902,-14.650301489714543
26.95552736138044,-29.544039618048405
11.782618462135918,-14.117803898989651
27.613853275598697,7.4517615299862667
28.712404370611331,-30.530035403692526
-20.517207765359984,-9.7350651194073841
-22.772611644986661,-7.1046328008316113
27.289641226426944,-29.156527940197808
12.295888071387749,-6.4137455588536874
11.170440804083587,-8.73452459923082
10.282977106552018,-15.313895129206349
21.921227600228733,14.905718858238203
25.298007878715069,-26.70031149221143
32.901540291081716,15.725893508282926
40.869306130888347,-14.029478445782949
25.705801398520549,12.438548712739815
9.5097114574474357,-13.379427584281419
24.823414277383364,8.9104379819923789
13.779713647480145,-16.276510505634636
-16.340902113932902,-13.174374310331441
26.278829496557542,8.9308145513094246
21.243286779065848,-15.681213656568694
36.578831938517666,3.4623821785553415
33.934737777801828,8.3540571053223687
-22.703721059482262,-3.752752531697289
-8.3134070200273271,-10.110208613701737
29.770582061968934,8.0982065843133739
8.9199531755093133,-17.358055007542902
30.306602021726338,12.790838219025202
26.304205076825049,-29.407059293341103
30.407761348746497,9.1153681866186105
29.773197973753962,-27.178751482743351
28.660604362992654,6.5151997064918277
30.837394363753965,-28.481616974975157
27.417765574785438,17.68188256564731
-18.464747629098106,-2.5275688635897486
35.511832537347935,14.526023639654843
28.576489288902923,11.496303362628119
34.937016524531018,15.126254206081242
25.394307939823765,13.839889860707972
-20.094259934754835,10.465823455708229
-14.208738542523818,1.7897362162319794
32.129114488506389,13.291534850727528
28.597865307108872,-25.462948645595347
28.689921952497702,-30.709802761097496
27.909619558402376,7.8146791161801028
-10.610772364303587,-10.596415658622449
9.6118152180208867,-12.109465775738316
26.884129443488,13.554124949155153
-18.370983623817025,-7.3253853629455978
28.763080970671702,11.828311717692356
13.249395272591151,-17.594426465938302
29.122600453634337,-29.385662960855189
-16.822381831897491,-16.805728188323052
44.66826996753089,-16.123952434613166
20.783875622843322,9.8324257658660308
41.022173714032874,12.121823150080413
31.816851355452975,-32.912770021396653
19.040089093990538,-22.115480264546523
17.262635766259869,-19.562293301094407
15.493866653414832,-9.3198166806452996
15.962854673187678,-24.749181670813758
9.5770925906565498,-17.648561150813197
28.740865123225419,-28.600961502108348
37.29612311256173,21.952823563582911
7.1596799730142111,-17.142526991223829
16.130831691043738,25.816953823755544
-4.9081669702599751,4.5972651311513797
31.682844832160711,14.214472260382557
26.368879124852718,-29.168523100667581
33.990663734008287,11.068111344504469
30.291340451347274,-30.903826428209982
29.701621960084115,14.199256694615574
7.208216725538831,-5.5258833152920221
19.055856301996023,-10.077810468976672
29.970392120233864,-30.288733944202139
31.315370418286722,12.712873110156231
-12.023758167530078,10.438403393167441
-12.002607515042001,-6.7928241434446051
52.21794942962282,8.428338281259979
-21.390128897030312,-9.3132340894357633
53.410620430082247,-0.061169136162974258
25.114206190233233,11.470154959531168
30.32829475431037,-26.255944649972427
25.323651763496269,3.1871480706574591
9.9945809552868212,-1.2112068319400793
-18.542537879023971,9.4596188336409082
10.119501194925647,-13.819881968359228
15.606923805870503,-18.112660297827553
28.194376360220001,-28.276004094343264
33.667225915396401,14.453087569145714
32.609162868034311,7.6902554958033065
-19.491128616476814,-2.5168440995020642
-13.220757842760404,-3.2617626395444872
31.315141034285297,12.951950019535227
31.144017439073973,16.774930362451713
19.404871502292508,-21.655377225659009
19.263600982632795,-19.027462770830912
-19.942834190977099,7.8131662976564034
-11.258968706953741,-12.937755186711584
36.528723076040762,8.7187440363870827
16.294191454791786,-16.606517746455886
29.265369217538424,-30.012102673112217
23.992954689040385,21.748955914344691
24.95185071680303,-1.4173734185640443
27.428680276297218,-4.4820837315858029
24.71939961226138,13.851211799471656
25.036481128742963,-28.68728869095272
31.6289897395054,11.175046413707932
30.003326805582482,17.837974870385075
-4.7028258946392842,-2.3852678307568134
33.138115300959342,16.181187027389981
29.928238052639255,12.229641694614019
28.020161622661693,-29.538852508379545
-7.497209117733096,-5.3293911517361323
19.848009192012739,-20.758241702736317
26.323074349719896,-27.974892388362516
28.112754101722306,-28.824097968357364
27.120908671713408,-29.274503492111247
22.059229501535356,13.404753859097633
30.904740742872114,-30.742126416991258
18.177766092171971,-18.766244691479582
16.758342813044855,-15.737448047357066
32.715477416481136,14.826040591759911
25.621396879468811,14.903739010102532
23.141618539945554,-2.2427399344417047
-15.523288127731545,6.3147976928021148
26.524221527430516,-28.257371078341059
26.971211973537663,-28.114757731213984
30.818290471781431,9.1718324204529704
11.667231615827651,-15.479592651334157
23.130047605189102,15.261498447125025
-12.521065252727007,-1.730306542786197
24.804892658582077,13.359509124096876
28.423254105164879,-27.279251869256321
14.93230838133929,-13.402835271242987
30.431581752903895,-29.348658653051231
29.940505561692138,-11.67344295900371
35.383434108885197,2.8455182552528342
32.041355273047792,15.260158295224887
33.387485081294045,16.012850272469812
30.844322732372518,10.948052103874343
26.075057364882905,9.8726269881500013
33.120310526459512,-17.472142690663464
48.978887694177118,-7.3859937424715962
24.510905424594739,7.7632746160139137
37.428496746833467,-7.3739410497267137
3.3906537248103348,-14.328487505172919
14.584099707408004,-23.450367189002549
25.977300761756155,12.319052005855328
32.06046275299795,15.577487567552419
11.968962560156349,-20.423250705862564
-23.953481215379419,-4.8287033965923198
25.709203978153283,21.375398170316835
5.898108754714837,-14.117171874187813
-13.609138421502291,-5.6803772825613317
-30.857963106634685,-6.8785956775581685
27.846007102941957,-28.706283202127111
25.686902422073345,-4.1332071085233064
27.465359620278029,-30.039773058548189
18.344151559731635,-16.983712047751641
15.113122693350082,-21.346115150599339
28.19345768212132,-28.289277911695113
11.293759771966565,-19.102863321842793
27.913808579921685,-30.188126384127578
32.044342857600185,12.027231173795901
29.325739076811196,-30.415719087967997
24.036459463245855,16.063491991601268
27.792936675743722,-27.962692917590314
9.8989817508967892,-20.717176054513683
13.671985322823645,-17.183706962406646
-35.355003984823547,-8.4495687263398906
4.5337246650503653,-13.57280341321888
8.2626291198495885,-27.508985938469852
12.315067185841967,-16.979981508173751
28.624822445525108,-30.139816253987625
30.048024182310336,12.580552014955451
27.216265700111251,16.28562156780697
13.29550856608628,12.121926054899477
-10.328725419469382,-2.3931466702021242
24.882424806272954,8.1170190358015475
12.907321702565982,-8.8110498000041897
31.085815354697647,12.816054765514922
-8.5946969286996087,-3.2666090870549378
9.1479000453394956,-13.428600826325301
27.611443083469251,-29.688447056411153
30.761177155810934,11.621901845328404
-7.9657267952980337,-2.7435388667496539
30.168850395429853,10.563916012691013
-13.570991047782346,-20.881509314501411
-19.743036507782229,-0.19221398828038483
23.320187839146019,14.480183208603668
-21.936306786968274,-3.1640346682200184
57.740800278218828,7.0620557091203642
-17.6281070066564,-10.339465753843102
28.816258250476661,8.9586905867414099
-3.6711765954779079,-2.1518794631024947
42.772351082184983,22.032465120356626
8.404146789181997,-14.795333285484332
28.131422725538503,14.037565844579012
28.644640224377934,-32.117393045044395
35.003960113126546,-16.189675427421825
28.11425112493016,-30.742536831090682
26.740627204935151,18.521646785389059
-15.41377042662111,-7.6924844314614234
35.462790088098693,29.592314995452099
29.635995838730729,25.268721189281557
-10.405573566180289,-0.60914353584962155
61.347406483716746,1.9307458981291599
23.404350674088249,11.859547283011477
29.165309899879421,12.497331651363085
28.019524877763438,-25.315413339600234
28.802209064570224,9.9158929966911771
37.191058321838099,-1.120863516250759
25.6318061246402,12.274638925373521
25.53354308608203,16.144029851114468
-9.8949941212542711,8.85261907734548
10.632162131267689,-15.781272424410032
25.976555324773784,-29.144528566059581
26.45333467776268,12.458974314095634
-16.7372069707049,8.2822708679467567
25.704828752737658,-28.544528427859028
28.065172851712195,-29.444674127174419
29.152302900835451,18.927633000194092
24.144706847749919,9.8855236548263221
4.8072372405759518,-21.9090510204148
27.78637287548483,-29.632564550999433
-23.237161818468145,-7.4287999275037748
5.2412862481572136,-27.902790975546068
26.401454429545385,13.585508637612755
-11.130702231490446,-0.98941844671211854
-5.7063355786575798,-4.0699067640694242
28.262123350954639,10.772029002813063
21.473956768765181,13.445406486965226
34.887692992182558,12.479810474138226
26.486263915357249,3.9948813407598021
29.720875548353092,11.876142472054187
-3.2613941890795708,-8.2245346826761132
26.659765030182271,-22.023065195444612
20.122961326817862,-23.339780267644649
25.805013248518385,-27.982237491017749
18.653938434791922,1.3894644713270918
30.552805097769234,25.425112235845493
-16.03136431691475,-3.3508357007847351
-29.036607278951628,-9.1296757692666599
28.605026421093235,5.0976893893655006
16.037689916020479,-5.6969732990827673
26.71253602579911,-26.599058007253618
8.8894324631915467,-14.09467423031942
-3.2659706298892957,-4.3125595090550615
13.565426518391934,-13.544036466229089
8.0698681502189906,-9.4365633669849114
22.227246107899148,-8.9910865820628239
17.630430467750955,-19.18919652445792
17.308674848799871,-15.957803941724579
21.701489462283032,10.739761775388953
45.372984681378256,2.9834546860142335
15.118309257175753,27.102795749650465
30.08789029265353,-32.297988097244499
52.407942247498006,7.9440955071762609
30.533552202516017,-1.6594040475319805
-16.159006391086258,0.52733364893370105
-15.821846973092772,-3.4803414559325216
28.042730842072768,-29.051187561991878
19.577362358052859,-10.786545229835706
27.839819377941627,5.3334679536703691
-23.374340371824033,-13.981135852772443
40.160531242722989,0.33072518608794788
8.7943885520187433,-15.057996814825314
26.946417866064166,14.294652552958448
30.190056273049159,-31.492450931059572
29.469589703628309,-26.121434613918009
16.401824409547253,-16.07880950975742
32.631270882247279,12.705151916050488
28.085140050875996,-26.882091983311081
28.141096412711814,-30.674883515439216
26.24695627871435,14.038653978843595
25.265400055032039,18.841875064847173
26.495221513598455,-29.39501708589415
28.289879874884836,15.96742080498162
30.770662196558735,7.6012844074824697
-26.063074013468899,-5.8311066517490584
25.758717627559975,7.7747245317959335
30.247785911296798,13.110109591569667
24.714054934811333,10.424108507845485
33.730964420357893,-32.087716775116846
7.3527881741106196,-18.703476649122152
27.275317227257933,20.525358885282799
40.108755710233531,-10.162096765719502
24.920441580911657,11.248468684403912
8.6861992807086139,-11.49529014287253
27.840660187818152,10.704122831786615
5.8657619985183374,-14.864564812966682
-2.1854254880994777,5.2690039713151666
21.183687076911024,-15.30099993416483
25.92810680259651,-6.3901769532654242
19.770248405339331,11.674905661612627
30.676593642810698,-27.87636325125856
14.696675917079554,15.926383661390126
22.412554454913135,-6.7269771289372606
27.284511502288051,-28.397309024768095
9.6683261730253562,-18.912778076841072
47.307375369739987,13.635576915162606
23.207668529855408,13.575187477194198
-21.300494975927556,2.3513871696745223
31.153836104740002,3.6693199021611456
7.9340613775948157,-18.512641764162655
25.266855746378379,-27.97538169180018
44.190939773344326,19.635864549448165
27.585173058086696,7.8048507588773566
11.917156026028016,-16.818980385212679
28.831503748690977,-30.065797735960835
-7.4747326680253092,-3.0266993736454602
15.486385345323907,-16.968661021433359
-18.856160366681081,-3.2024273623667074
24.551024422969117,-30.066850355791349
29.103932498531972,-29.588467144227039
27.3262707656679,-28.147943607760894
14.87079830094552,12.431001391671515
27.221841667437477,-28.928507813430194
25.958778486054218,8.5375035551759755
49.812023845344704,6.8929701350232122
27.208559576604895,-32.604137235096147
20.684957175723603,7.061027711928662
34.910184170042619,13.061342932421148
-10.282440877895153,-11.69440606187927
28.787790574240237,-28.49844074614273
13.094019617548478,-18.95198792810584
43.283613748731469,-4.9377994451504543
5.5184182236813752,-22.019168722146791
28.134560342346361,-34.03968471715617
-5.2282341617227051,-3.8679830504031489
-15.090568199049187,-6.8143220497308992
15.046537010687723,-22.037475905290243
30.246003199346706,-32.724517359756916
-12.294342427992738,-6.9745143712156334
-19.216915968640443,4.5833489305491764
5.6994437688048256,-12.375194272209047
27.204247250442503,-25.835590335479257
-23.32094682424534,-2.7156621476451099
23.472713129618704,-22.196495329201746
13.506638266280417,-13.392606222967046
53.076240760218028,13.812026444151531
30.445584095175786,-27.071490677473736
-16.505860041058178,-9.9651590730124191
-12.016399825957773,-1.603243206779664
6.7251605228203184,-19.736053615263188
28.78081551499066,-30.354488771347246
9.4260699471749323,-23.287769879871867
25.553220603381646,15.831648033847657
27.943897321941456,17.42028055226119
29.078637334136864,13.912863021787523
-15.454432496313743,-8.248023037549828
13.930768587164749,-7.186658712651413
23.463763486438538,2.5710561037792594
-11.615883105050914,-1.5231908400788212
10.108550453372509,-13.386364810410507
32.139106616147728,11.452069358551579
27.944187787357382,-32.190141822380653
29.041005365017412,15.340359282172134
15.41676680322621,-10.947340779391567
-17.859825014111539,-7.1253159831493083
27.052914978220102,26.088391786981706
-14.445935253583503,2.1854464002370726
28.382595321685887,-1.2002231250801305
27.092301054513985,14.907224402183735
6.6009537399349023,-6.1400427603991155
29.300320977765995,-29.130472577087822
-22.81587248060567,0.19233642693149378
28.894326881584419,-27.554308595446866
15.785019810081661,-17.77764106894637
13.571865525149622,-13.529400454959854
-21.081156783987076,2.1998430184000579
29.51634855194326,-29.20967406700937
-11.65583088403506,-0.47716861173280378
26.205633515868765,-31.365046658908067
15.434717267608207,-16.73002008326797
4.9686419422987349,-22.048433956109776
32.241175544335114,-28.57068704961365
40.117654079179403,10.300597022803913
34.12406250800754,19.889528333289679
40.172742389801613,7.1394248728337848
9.5317288360625891,-23.427506516529366
28.173287655827423,-28.252594738066676
23.303402542791783,1.161292418212053
33.988152762226918,9.7980925559488217
-4.0229871386060587,-10.793724269403462
24.622834849713257,3.4276534663113618
27.433866352620726,-28.844184067828799
28.954439052004336,-28.048465812795403
-28.78143405200445,-15.524531722470929
15.77650684447601,-14.049919747462022
27.983487921979645,10.665419635212038
14.856327738222792,-3.504417879229452
-11.212196318615812,-1.3094503786640974
27.985852957388857,-30.843930773268486
31.304313054345752,-24.742204734999639
-13.415310668752825,-9.5191274567290023
15.427947166358067,1.9993791158511509
34.446200532859883,-4.3598016376661342
-24.242988613358591,-4.4491148693654266
8.1096418453481185,-17.680968186090027
11.852266799723008,2.7216137429844429
6.7774098074228499,-22.2372560118026
29.803117561275386,-28.893006255145107
30.676204314279371,-30.310912457316221
-12.223733090375854,-0.85335607275383119
29.525478965441735,14.417584487159472
11.650148667077051,-25.160563880209011
13.032211949872449,-23.490277409412684
30.93386871453578,7.9081165509037676
31.019309559881535,13.029501556965183
-7.3102862107904336,-7.9654122068477475
-10.721926824891575,-11.761244185249296
28.966687139958506,-30.638154778943935
19.423918800018555,-19.022158991688602
51.029208576091357,-5.3274599361649955
29.13542666788717,17.617190325705828
30.702841022058273,-31.411911101059562
27.457577340073581,-28.420793832869634
-20.580380000167672,-4.6759318187960144
-5.9411530682339766,-0.51179361485541763
-8.2110734246042245,4.8292451670356957
14.503977400835128,-19.725310523183953
28.831442347428617,-5.9532414466874819
28.93626302608676,-30.61025415825215
35.327836972482402,4.004402896782814
-17.729300348682187,-12.20434737005889
29.473599067834311,-29.94797307781025
22.689522847529219,10.196550638679673
24.302341985715369,-27.607363682555125
30.283375038302673,-28.045821537841235
29.975893297549536,13.045593328689078
28.522633340680663,-29.822559893024597
20.593963359386134,-16.420226908476959
29.595378494578558,-29.557776104946786
32.00879073214017,-10.935784644802419
14.126019101129071,-22.748208537714874
30.279197998006786,-29.880380024210783
28.417298835339913,-30.81152786687127
60.481351483371093,3.9145836495870592
44.580831505418089,2.1792304851085063
19.194223034927656,-11.422368663688101
-9.5446562603154153,-4.5911991751670813
18.999341245545715,1.4689939853095313
-17.427386530437488,-9.1008824359390221
27.228285580573104,-27.607379251510018
29.380694950881146,12.510973766671567
-20.062369300929788,-7.4653218462009594
26.683664069032844,13.702605408603736
20.065190243592397,1.6777921011399168
31.481960888288146,-30.40776345073029
-15.086150410553516,-5.9110106080310079
36.880755676391153,10.642973722808369
28.620388822887989,9.1587881239271987
19.435464389141238,16.253926846738011
15.703744153910108,-25.355916338011774
-0.5355129470234985,-4.4582693473499786
-7.0861365427775027,14.337627146541976
29.636469069784003,12.565031398936132
14.296207478665906,8.9529723461859412
8.5509558104784329,-21.114762248404492
16.267306492949874,-14.74066508259487
44.666099490702962,-10.209298572775106
28.239086009945495,6.854276379443526
8.7981644779801655,-13.012239738795651
12.109972823445107,-18.808972736050368
27.781604441096146,-28.377181550336388
25.095412968089182,21.99906260564185
27.37638150791523,-29.107459335794161
24.943335765169444,4.8182603597982565
-24.72289468589004,-11.159997943472469
-13.557186796168557,-3.7623586895977601
30.221146259196704,-31.886554309277276
26.556372170054726,6.678863446648081
30.028475997426934,-32.478816464625609
12.240899131255349,-23.132426448843226
26.696657650925147,-28.51552477110241
-26.562413304729052,-9.8914988116260183
10.667486402938625,-15.349389759843868
8.7808335963823687,-13.406301086266375
31.283014877871736,10.364608052669684
7.434415687810934,-19.35255049354053
-11.097010666766547,-8.7865497230014729
15.974108201230145,10.825808234463587
25.202978948697549,-31.225492190801347
10.241534621602,-20.320069916308626
15.611587892619351,-12.921985971636705
-8.914272837933094,-1.2269360168126018
6.7276727457248056,-6.4783558810904491
-19.236673383834777,8.5327750058361218
31.486747319296327,6.2029049888389247
13.138189772492332,-18.316015149594939
28.111122092179144,13.0087293740037
39.237591097383252,-1.319287516159557
24.700080442604509,16.440054827737342
-3.9603871626365255,-12.502980245711855
29.001590396372418,-27.448353935658567
7.2591179989766914,10.578923668062458
27.935221321087614,-25.907439987972598
-29.890971780844424,-7.5462787200822614
30.296293730815485,-28.975208059744588
30.303424763593355,-31.260739771543367
29.145699920169044,15.545326757780648
48.330082923678447,-10.519810895701941
29.300983187687955,-31.30302236772626
-13.703728423274676,-14.133287100019256
24.989286101560275,-29.545822135006272
34.917141153321936,2.1981498219973865
11.613311311206081,-27.544411182220692
-13.645545641631443,1.3550303198535465
-25.257644751260322,-11.683000610911206
29.214274271063928,-30.729721264892294
27.062036471336263,10.631418983795614
32.069933756800253,11.86972402649419
-6.0623132768165675,-1.7035284166572868
-18.171980037146241,1.9361739847737853
-9.9052896260097896,-1.6768509747362783
37.135053905109324,5.2848025016245499
16.54124708399366,-14.787503995536142
36.107408238831816,15.151394577012786
-11.903880214667293,0.65368261287350471
34.183673075361106,8.8052837172913812
28.692931984823989,-28.562674918990155
5.7055687851667258,-16.375026627431527
-10.20685467101729,-2.9124092834047852
29.534316804663927,-28.45269449603628
10.555378414473822,9.5081576259484031
5.6154457671867437,-18.638007331402971
1.5970153978976391,36.275578059658201
28.373632282078429,7.7673046484032531
16.312781276180168,18.344140552637167
28.643942894964777,18.638223752630832
10.576899794949828,-14.942167729477511
22.459250694001426,-1.1434957105992538
7.3608351622195389,-13.899554640704268
31.408270290942703,9.2367424687269946
27.350794066840788,-30.25564679735859
13.88797755490145,-18.355004476553578
7.3109192076728871,-20.157907794405862
27.511520774806904,6.389594745380057
30.371084809090302,10.650090231992637
29.042570155026382,8.2426899340503699
30.303675004241075,-28.969126519190134
29.8860954848661,-27.925966345999914
30.40891525807584,14.972870235744159
14.193731357822795,-11.977057367051982
5.9347735106648285,-15.457983567509924
18.901302378096577,4.5850957638819176
19.652745165892771,-20.690100709506346
21.698295059724611,13.619303134921555
28.79682521613832,-29.645762777670569
-19.279103657668415,-5.0828227258563192
28.907655857773051,4.1077249768744508
30.769877823693406,11.422432214022685
29.896460018073306,10.801235687215311
27.375839373650205,-30.176821094421218
7.8928677391192155,-14.262171978045213
-22.818916488301973,1.8696628650123328
-10.758409660577982,-7.6351281807328935
28.252678016083099,-27.967100292349155
28.163348168323608,9.593826007764779
-20.891127876660629,2.4364882767160356
30.726450567082569,6.5743059837537379
21.393801356410936,14.015708087901125
30.971138959675194,-30.295082076269907
19.403644257502801,-15.674744492011463
16.722615197109779,-14.912644848100356
31.397009840239477,-29.05915450123323
28.85604872875362,-30.342169827550304
26.868845431644608,-29.899537229458364
41.562270319299614,5.0039347100640006
27.147785490900951,5.9884854252861075
10.436112351364548,-15.090089258762596
8.2683781763191302,-15.86068708557594
-9.7363476639569981,-10.873325830419272
8.4708300822305382,-17.55202837816655
19.344812550525067,-8.7054323044176218
28.112169600511656,-27.370511202059053
-15.121247535596893,-2.6957644160875454
28.477296726439238,-30.235125331832801
-26.313773811890755,-17.312748247723391
10.449076030311996,-23.4259585257855
27.234821355206957,11.072887770503588
-23.678782682693921,-7.1021751429286262
40.274244824610641,-19.532034791976269
28.031129290678187,-29.493556622972704
7.4549645809187322,-19.003493639179755
25.660846999080551,12.87227937611072
26.081940168321317,-21.193548939004188
-27.196990198140643,-4.7472062893455069
19.313801529304662,-26.944714689826426
28.685032325495975,-30.6913610641326
-28.630780352314311,-9.3225671667146468
24.710031830912119,20.667533942692234
18.963620210198375,-21.411803454264124
8.3743420492368426,-9.2600522441417876
27.05852747261287,-27.556376144834683
3.8479782287561406,-14.193852931754439
6.2306738198719689,-19.28239150177577
22.575133093069873,19.115271035714827
17.209425181454968,15.931742712676606
5.7865756836326767,12.398212555788188
40.18439111393505,8.3489163030015447
27.450416796178484,13.360938946966334
28.106449737905404,5.3907622625406777
7.6390776581971629,-10.691994380852858
27.506541355336669,12.460915621347928
38.244921852424923,-9.5662670840139743
-6.5834193002141514,-2.0823688822895434
8.1895697052233203,-10.7059538584172
24.806503004196042,-20.937376624326379
32.918488329560702,23.622717012033014
-30.640254125771598,-7.0782699606467201
-9.8612030594156508,-11.688770371351497
29.741367244379319,-29.246908067166441
27.579148258700386,10.404209990904992
-12.567892970975686,0.64187480950718623
30.957998114874819,-30.969562978033498
34.222143440024688,15.681732691852581
-8.3240996384286703,-0.80206827088838351
28.55123837130138,-8.9617166956639398
-9.9742904641959047,2.2674563226723983
7.9307209051155905,-18.465426640140237
14.332512246383274,16.217357719546463
31.663169388919606,11.360142219533479
33.63861375644057,16.48573924932931
-11.197623776928831,10.770935376541793
11.415394983008646,28.337800784330728
26.060836266195089,-30.378069169423984
20.207080340863001,9.3433506513832967
8.8965711903803264,-9.134271949132108
16.225890499798215,3.4871278169252298
-1.9434698324245705,5.2465408817211134
17.831797329028515,-8.1129110414954511
-22.429515155987914,-8.6551850637802872
-10.052881122865728,-0.62042446624071257
27.97198655405515,-28.409881210578884
-14.347880631382175,-4.166330565653257
12.747967616986047,-24.319757788867665
23.68054109733437,16.311475462822784
30.209347059791405,-32.495228860814592
31.681307962968255,13.746242367371961
-11.820377221394597,-6.748528246053116
29.743293966100858,-29.843042878947205
26.183998589480286,10.029859474454391
28.383639929006655,13.84095469703537
-25.136138146794167,-0.64181941134985365
18.680728495618141,1.7553220065311432
-8.7836183783752411,-3.8039606876351075
8.4272883088879169,-23.325455401382225
27.65779663206499,14.677835407586475
26.192685875730835,10.948836941339263
27.716693902458129,8.3194642590045511
10.019741622384176,-19.232434946867755
9.8530610801455545,-20.344738340737152
27.888099983252054,-33.902540504637066
24.72038231379603,11.325454405846029
28.31279378617441,12.579768013290314
26.89290394181873,4.776184289114429
31.136853832716195,18.833910707189652
29.392845363145998,-28.95108937113233
28.047233963969461,-29.535577980830499
29.165699634608433,-32.518913587904883
29.799447127517457,-28.683170229920606
44.51690912929395,-2.5785799623999273
30.251323609209134,9.9657730614698892
29.287859892390387,14.094090728670819
41.713539839725129,-13.722439565048376
33.122659098664855,6.8209726950113616
29.344814621034459,16.917429813147685
14.631202284636496,-12.769523904907874
40.495836649266444,-7.4372188280941618
22.071968101583153,0.77635963511910822
27.216278418039494,-28.33601283278902
-17.808448421392082,-0.73887298675469149
15.194663769186628,-21.885028802531359
46.968281305706846,0.3477548243088906
-3.4649491823084464,-13.361299486241949
32.726631972635111,9.8576708579890671
30.496601482476859,-28.560152706618904
17.156532700007048,7.9971909256448557
9.8791984218530917,-15.763713304637735
17.203834873044919,-22.394064062006663
-13.415630584606843,-8.4818155593404256
23.187352968239857,8.328809549831778
-11.050227319630423,-9.0163821991905326
27.306625051891423,-31.230444465548217
4.4270523569925109,-19.217313677950294
-6.5433608393646043,3.2323054169944179
24.828639123918983,7.839195596938846
-2.3384289047363875,-12.875151230421126
13.065008254033641,-10.693125219946221
36.64108300830118,9.0326505399131971
29.640272541616334,-29.546735660508645
53.311891541650802,1.7985748185062562
36.701889645794893,3.3875617573053152
5.8905346146022515,-13.05134791003621
-19.540610536867902,7.251656564183488
28.485412896572409,-2.9362547600636191
12.512190009154706,-19.073052013638307
17.76200388758857,-22.534382113081598
23.450234517148445,1.3560873409879886
28.580321274601229,-28.178441433883513
-10.898259989045542,-9.530868346069898
29.151578579816292,-30.995175278996605
39.945995716791977,-10.157579179621493
28.873897043455575,-31.604139177848303
37.461017733870491,-19.256575451039314
-21.048708639348789,-21.987051335099661
-19.19514690623042,5.7191173677084528
27.771064875636782,0.68370241485512917
14.272832444923628,-17.009802055851342
32.250121780400356,14.826449418048307
29.039281572154128,13.146295686897421
32.110944782495608,12.603145450278138
14.360265958654834,-14.640490582343393
14.392949437999549,-21.328546385762589
15.680408025220782,-11.477574641389056
10.094469978757326,-10.931186386799444
9.7478912827670143,-8.3231981910692401
-2.5394999401069303,-0.92559345516204905
29.116822222747256,-26.040578558250804
-12.619242502317661,-15.991684802136477
12.224647960723475,-5.3971656500621972
11.124669925293128,-10.908433322734609
5.013406405431569,-17.505813892212473
-18.914303528737499,3.5242500751219996
25.968410401838966,5.0453520420571039
32.386675273296611,13.009596517236417
19.898978999348618,-10.667440137942807
17.786374979300788,-10.420960422196337
-23.580196719260286,-4.1453774081991988
32.293871711385897,-29.184001089667614
-19.471006357382667,-13.256178363251429
26.110763250948231,13.614130208326584
26.764184980213745,15.963308237005588
27.089291165895141,14.388834877957784
-19.745257029576461,-1.9855754035433852
19.080798413756085,-16.432917785147463
6.575595479704349,-22.285925646215642
25.202713304435562,4.216972430944427
32.019467529670095,-27.656424288287923
3.6844116228996402,-24.347763903786248
15.024591086188753,-21.674132565516885
26.710197758648054,-6.2426997218515492
18.288210248375858,-13.317351805548785
-9.1285423312966998,-1.8991258781407572
31.543292610415833,-28.174439314127252
35.521604175145058,21.525268335180645
9.0294796740921619,-17.970766378595474
-18.579014110451681,-11.22256588165094
17.376394887165702,-21.468156020516727
24.924548396797871,18.238145544221481
-11.848620487665062,9.3207359977702975
23.387046647641846,0.76129659770919167
33.206387259553253,10.419890846998349
-15.056378335700519,-7.3111448773811247
30.366820351546743,-30.18544590174141
-17.519231416964498,1.292597319772903
17.580472872024771,17.140006864554234
5.1873919777239346,-25.00611344723842
23.673896468230897,11.46735580699394
-19.534513918373243,-2.2439154524694951
30.273109554167998,-31.518045395541954
-15.075010314605382,-20.275565508444021
10.405313311702942,-12.717246962656755
8.6354537634128388,-23.080613075496437
25.526591086594109,-27.50980697844706
25.405213123896115,-32.467752890931209
35.911360254176294,2.426351529051836
-13.90825480045028,-17.584847876779229
-19.831561232147269,-4.4662278304090357
18.654769346786573,18.868303135167139
27.972889808268107,15.480799955954797
26.567685621399072,-29.13195293695885
27.909076653381518,8.2153150155390406
26.877944613684452,-29.181424056061239
28.788275911848984,-29.549570040082116
27.9049267400042,13.983268157794162
29.300796815463553,6.4737739796423002
-15.999454359686368,0.7480827284020064
40.810187574346102,-19.65092629906912
51.759406872672486,7.4398502105267799
9.0086124883546148,-21.377341834668847
26.795737315691618,-32.001114703672236
17.771049479837433,-17.929549486896633
19.888116533408866,-17.45295477729444
-14.182982324173757,-0.032647281525854055
25.54323486789982,13.191057612679687
10.874833352711455,-16.151709125265537
24.474215262036974,16.824418109140034
-20.479524545295163,-13.750396260631447
29.511687262468346,-27.761140871540547
-23.004589709548917,-3.2081629699527636
28.306474046617989,-27.872168225042962
27.416219227442422,13.512300873206575
21.69353507735444,-6.5131319856437546
27.676833771590282,-27.370916706200685
24.226192914081849,-24.681021681238953
27.803612583374655,-27.83308860242418
28.087917477387471,-30.010639349386437
12.218956235759155,-14.687103456852201
28.432748496142686,26.781852696729374
-0.42117280363134491,-10.041576854495716
29.168087880930194,0.23551046142727117
14.798235425472896,-14.480014284312134
32.829483010835787,-29.519447921762008
24.528640759705873,-7.8577738357725959
25.961046126828823,-26.137361954361012
25.922475949857787,16.874856790313359
14.226004200494128,5.0102204990069277
12.171751370918196,-17.448588827639846
26.353825842918852,-33.537772551069374
-16.17228261167844,-5.9339656907111795
29.398067823791823,16.581563782208971
31.416315505716607,-28.062953300431825
27.670376125440619,-26.8411947748986
10.414180214997636,-13.693866899012704
17.005467959146785,-16.431006541511245
31.90723628451364,-29.119516032763762
7.092466143673434,-9.2547682141804906
32.333148988411587,19.009054389568242
16.908730849691167,-13.351106583531088
15.723196157912765,-24.155315575975912
29.184882747940676,-30.932506776074042
28.655131775249536,21.669853733087614
26.263174877547907,12.588390342653783
18.367699675673148,-14.40441832163615
-15.754216557244193,-10.723539979029859
-20.913166545864161,-2.5412122295323338
26.59562465233704,-28.409149187661118
12.574166466955568,-18.660355220781831
26.768882431418877,4.0896379096648889
34.809113931334423,16.412713755247541
-16.092946519375054,-1.5295476756623669
7.6816095911417861,-13.6278396204467
15.100254953032199,-19.459426396230342
21.463366076874703,9.5044470349424905
-15.362234268713191,-1.6880501830881114
5.4093972533913952,-19.268068739455366
11.208624570771885,-13.139776211397749
3.1227109246539353,-23.908962405086459
13.010251559235396,-20.738604753849355
26.48572015015128,-33.181270896339683
35.610209831035391,7.6374683404910755
6.8475018615956369,-8.1159302647634597
27.063004025268171,10.820933758389817
24.007318088146768,6.7692043086034159
-26.824801247692424,-5.3698142871900023
31.899803413471886,-27.242540674401226
-8.6221688106043324,-2.5606736259730178
12.472107364926329,-21.843263932602994
3.9085342273137718,-12.933033279802206
24.121709460548118,10.448772380970651
9.1141865700516647,21.573910876983163
41.334364771977107,4.4961294808011729
23.55696356031866,-29.313860903297741
26.783068903783807,7.3167573308532701
-9.5873035958658548,-11.353856165988452
32.797916828396609,11.474222027172091
8.8544614419069649,-17.118460929880115
39.380272995148829,13.718004044707282
30.225306165788403,5.2083629684220751
29.86364779830318,-26.798187471893634
7.7744418875945165,-7.9708128907756315
28.132855652517335,10.467865232652613
27.17167898901284,-30.762763303266645
0.052140480312175441,3.7497836630312005
25.497818574732648,-29.91981519402766
31.676963675810086,17.08840728744558
27.32332543825509,19.671376539534432
29.177755522110019,-30.406603831996872
21.56082118726659,12.344832063780878
27.428750869602936,17.214933573433438
26.588853043129316,-9.703949496040682
33.038241644278109,-35.018643547764725
18.029109052080134,6.3643110939136607
7.8262116745204899,-2.3727016002227961
13.599838807386719,-27.676774651469909
22.082967328366529,-10.783323233666884
22.56150816074231,0.07765870812386666
20.694938660324613,-8.6099544897635543
24.481761730738832,10.979852751813548
18.500845230203154,-1.3657834705038709
47.554120812522811,9.0959224886177381
27.610573135789849,-28.909668728187462
44.837113066098645,21.505189931877442
40.512666742360764,-2.0698687966058094
29.97427712659978,12.498808338495424
29.838601505283052,9.312477638924225
16.934475222086441,-11.274542074337193
6.4389737885141001,-11.967062044081887
11.885538299452595,22.421985865746805
-17.113624455682039,-12.255414146291921
-12.896831349399717,-11.29576977911586
-2.3516022162474144,-11.811040764607327
30.915511044977453,-29.03638038494228
37.564597732336985,3.0630144934392596
25.828255183386407,-28.542299291681889
32.702803699774485,13.250889587641801
26.446794826608262,15.381761981258279
29.443272946672895,7.5901863690316667
14.058507561075993,-10.134592186533116
5.1066232921081962,-9.9774737084690113
47.650760842438949,-13.497652151494584
22.349836554392034,3.9891502776907268
23.631051291725878,5.6010230364237161
35.38418187817247,0.31205619503057669
26.22022622896824,-32.488670848499353
-17.936508291495496,-12.41096792444131
31.129239515448557,11.636695379174888
16.387032233076148,-8.5599770847336938
-19.887366724575539,-9.4470680539839762
-21.049553964061239,-10.785307600673207
5.039083504945804,-11.467361580236487
-6.6948323813789496,6.1111816686282445
4.6951765368466853,-21.663003460478308
14.872134087557653,-11.501482713961579
30.712157303297243,-4.5334030472142199
27.622735048561221,-31.694600939638679
25.606435690663531,-28.597033887612731
-13.499372314021803,-22.136943132394851
6.1249953328043372,-18.578320790325677
-13.911499049397591,2.8801507481034605
21.907116181637527,3.9711836352374146
28.641107387961696,-34.139039180055754
-25.644559814587026,-17.896480702286798
26.424761933986638,9.3011978818927528
47.196865170938494,5.2906769449198574
21.316896250354013,-12.132077923275045
10.077968585158837,-22.325608790521443
10.490184651096611,-12.506522066626465
-17.16910406219144,-2.3725729601460173
7.6580309137679361,-19.625003148688812
6.6987441764828883,-16.598659315244785
28.003294743998516,-28.872543036635701
39.802318292114101,0.0023295532315756873
7.4303535695189087,-18.617527860529695
27.373286188677564,-28.991494784950362
17.178183717784599,-12.882641044835644
-13.491016718986,14.58329632278539
12.334878422292194,-15.25457961971145
10.03785957512973,-13.929198046891734
23.228819025560917,-14.736267786985728
-14.144308844784943,3.7201254950962497
17.860086772881825,2.3065909372075506
14.024326119419277,-5.5111547285660336
4.5362021696592238,-19.225977699672796
30.742930118400182,12.718211732488015
-6.5357867855115774,-5.0141301037649084
-13.349703686712507,-0.78969332173135154
8.2330199251083656,-19.017772286162412
28.342820272293174,-29.334020361376599
9.8883458520967586,-16.191600268922304
27.123213164159576,13.633775273313931
28.334745322620243,-30.855047645882923
9.302187256281929,-21.270550026206685
15.63437636991401,-22.941604636540553
30.244655036017377,13.497233456335662
-20.767290876690907,4.3864478060698673
33.003290017527902,13.199480868865272
24.832876044762539,-29.651270443068888
6.7633713767571786,-18.619371037558459
40.334798479386365,-11.528642728880728
36.589492408292031,-0.23331743779341529
28.005306555541544,-32.820487174888719
35.084977814367996,9.5748436513658692
-17.115562064257627,3.6756383553558596
-0.73164824096645376,5.1789160284144042
-17.56427200266732,-25.789393432504195
26.60520643344692,-26.406575337014981
16.896804005715666,6.9588323534762004
11.21825294374567,-15.446954100711988
44.122911190064698,12.139549464123252
29.327840480208899,-30.802243607817637
-11.581899703416093,-0.44026031219683315
29.393782712737142,22.104264775665531
13.65107216904069,-11.33046210527591
35.445826609143175,1.7780918104600321
54.464558565583204,15.765546913298701
22.546152220328914,13.118370881584926
-15.317837999948095,-3.8706227413582144
-3.7182070446684836,-11.971000285183532
29.861729328304129,-31.088082174212328
32.732517678339953,4.5600529545258963
13.532984810839496,-11.185548434651253
-11.325809990115504,-15.888241139436587
27.659855502583323,-31.02179350675198
33.209307500638559,6.2693307203963604
22.630168741770955,16.264815434749814
46.403280693233285,-4.2892866940412526
-18.595756639749528,1.1865891175144005
31.326678709086288,-29.990415798366087
6.2811649338965916,-12.203967160773795
28.500775759119165,-29.848487242538006
-16.656511937971519,-12.048602503203382
8.6842554573920694,-8.8959856334315717
-14.702734671271569,1.295014844450459
25.193090308472737,7.9445335494951177
-23.549526995055629,-11.02661712871204
-18.802085650449065,0.19558593973812677
-12.570248771208664,0.15919215693248834
28.343231873445159,-26.658174532308667
-12.455973355672377,3.1868452566288905
45.061808633139762,21.487615468063041
29.737483933311708,-28.282510584026873
19.09103393194016,-1.261136984141241
8.329695310783876,-23.563256157741023
-17.220050392687131,7.1237574579149641
15.942359212997319,-11.378229035001027
18.676911246137379,4.9868635228295402
23.867817446086868,-28.434541479715936
-13.757196368438505,-13.321539232789327
24.221053801163741,11.832058276335061
8.2040228462785798,-14.317433022229595
28.996955592220715,-0.052355178741204433
18.609444119556827,7.1121499654693707
-20.847846395607228,-9.0726770571914113
7.0463439337482443,-13.590895826186408
-10.914799290632098,-3.2596123835867674
29.834302478206052,-29.332929439680335
28.98662149190487,-26.251948627626216
-25.116174943563458,-4.385910338383372
-17.407800821138459,-3.383662401130922
-9.9098712206515405,-10.306178446003631
8.464883883539418,-6.755362689172868
16.561740919566013,-20.195635124268968
29.923424784479792,26.714931146533672
27.397309871339992,11.784476353394394
26.315412884142965,-28.589091370966624
-7.3104498183319979,4.7596829530739253
-19.974873875381384,-19.186159680604135
24.734125326037699,-8.3625831204532215
25.143104084712295,12.219148862097901
23.505675542196961,12.780648727307144
30.421587191792831,-33.111474586430724
8.4379336551391244,-1.9283786532213441
25.617366173862152,14.726477340923317
26.606768274145391,13.706488265894524
31.63733093959457,7.6299727269194486
-16.516942504576765,1.0372733736829058
7.6271825474892747,-12.431825216972722
54.251968150440504,3.8423356629404291
-5.5389837756308946,-9.1884734782565811
29.192935310111704,-28.009968471781576
29.194058768107308,-27.736327529668035
28.775543298692096,-27.35264965794655
-14.880585138394107,-12.908749918857012
30.005142038039416,11.250176597882835
43.501534976803029,-3.720284906846798
30.66308244594882,21.609447297687144
33.151459383841527,26.209377446245718
31.587484864180755,-8.7073866626836125
30.153556310592904,-30.603172274442137
12.519873877893298,-21.331484678523541
-13.486843050345286,-3.4630307421661239
29.774764452731741,-27.698512043511741
-20.409439876525347,-13.934756884442276
24.467442794438256,-5.5324937710513353
31.086095373913242,6.4835170101417381
18.84682733772182,4.2616793166630842
32.749598615708017,13.126690751111818
12.418234328410874,-23.650905859843601
27.045808754074834,-29.110297343340676
27.992084728154179,12.021404476822379
26.614800604522308,-28.033929320911554
7.0135608405261447,-8.9113672482956812
9.0641803237194267,-16.561090926738217
10.071561966340454,-5.5108279545344434
26.292378552544029,-26.877600923673171
26.873351090846672,-29.377172433715462
-3.8167435656953757,-10.830468457848468
28.225103196731574,12.477509169206002
-5.1713229174964432,-4.6847954771679339
25.843294284456334,-31.567634649115544
26.169193254365165,12.830432390749177
48.058538167623205,26.177570577765511
26.702591496530225,14.376174895616202
9.2901933652098645,-25.791981622492678
30.07578471519739,-27.719104193029022
27.840564359305915,-10.27212443840428
29.073377186766216,-30.36348037511663
17.008897803335685,9.9150008703411334
15.862108630953372,-19.82943634583048
23.217074510245936,10.62570870701061
-9.3413997269771567,-26.415096534068109
9.5117900525552397,-17.962839482261892
9.3257411795883201,-12.62490162170144
13.576201502775719,-12.499485563151898
29.400856498596035,5.3823783990310483
27.756422136230974,-28.364986076157443
10.329694667271621,-19.311508651983946
27.31364635012747,16.39181861847473
28.333401190559695,-29.647033917838403
33.63713089678582,14.00548420387932
33.338106218584123,7.4368158788136718
-17.637548985822686,-5.913500004843339
30.908160426908125,18.13940604873801
-13.277717582045986,-11.406827264157224
27.964199703561118,17.727371298248684
35.165527629946773,18.922176807094164
26.922109856576675,11.472747713811142
38.801978561546626,2.5983003007968977
27.256413962970576,6.8715724303564318
28.93552129642557,-25.995961541924824
26.247391168199826,-30.588144140500134
26.885332281716298,7.9939958169019238
14.840458024613548,-17.054580660549323
16.559887614714327,-22.671701040508545
24.811876979798868,6.3036150255848087
28.472360178947497,3.2650715675336306
-14.57313395963857,-9.5983151636549398
23.086514546175774,13.194427924519752
13.108292862801832,-18.994760220017746
4.4850492926222785,-21.978835449652301
-17.627740565353907,-3.0547684654843259
1.1577449351070364,-19.406601090477043
14.831706636585919,-26.717298630952239
29.695907056265852,-31.331024842701702
-4.8385886329805707,-7.911063745470468
29.3045241977781,8.030009425288867
9.6748121046519593,-17.902334945394262
32.321577335243305,-27.219170372189925
-15.614639473273934,8.5183772611837281
33.279697128631241,9.0489420610735909
30.956085941858067,-29.020031720866978
25.671519879883355,-28.023047649026296
-21.834813607957159,-9.0525308711975185
16.689367147896824,6.2043110555607983
39.506267840350162,14.533350236204324
9.7028545746522159,-16.48987596167153
31.95635660659703,14.15663565870177
39.478173507831691,9.1129069006687899
9.5537262682687025,-22.022175086357592
25.639635176157586,12.932294804659351
27.371176668048989,-28.860562798768257
43.275658262110205,8.3433654470039684
29.959102724144294,-29.876551977560759
30.627507966900914,-30.502161043192796
12.343326272936393,-0.89651603658096235
27.857574821998998,15.875780727696725
31.710098580570161,-29.6527949123493
28.84457131461604,-31.180488163358049
26.272539236656471,-26.732894364417792
29.052585043155347,6.2001605791563543
30.067004506931347,-30.988371691204662
15.616012467937352,21.018575720370801
-21.418649711947271,-12.775016998959883
-21.910332043642267,0.5597146234807111
31.594694816812023,9.8941678419109973
29.94167937213804,6.4565525456775559
20.249309135358395,10.016837038151865
-22.507037534460267,-0.42540456863587961
23.822720405248887,17.500149145250774
28.447894714942613,-32.964042260488448
27.400793668613709,-6.3659164044241727
30.029738155000175,-29.92969700825434
28.213765163707489,17.796575754335315
20.34267372371162,0.50196762965617792
28.706476300973804,-2.3232661064051925
29.989963066275202,-33.493313302824532
28.365826201472856,-34.628926495593156
33.645305579523864,10.777823320986091
35.718664770283965,9.0707963002883112
-17.381137645999019,-8.6954375629305147
14.754781814987791,12.887971197584932
-10.895865251005755,3.4655230889232289
21.676861969339427,10.17649496512615
-25.22894558774852,9.3043232887416263
-12.973218240859726,2.8093922611869262
-10.175762598715364,7.0052972977199595
-16.551705118361937,3.0596562215379848
32.09290264388035,14.574631926454725
31.106030518019072,10.911730065575771
-10.190776388476632,-11.948184205537915
23.036237448852074,8.7427873168480339
16.791138843872904,-18.513828166740158
23.948637111555712,10.659441847056939
-32.14297168679628,-0.086441250130124825
23.471345592537713,-30.534451065928092
5.2800566630938643,-12.039416856760793
30.651602806184805,-27.38185215359373
6.5793132705263639,-9.0863128924463723
29.374415283967352,14.288337085980645
13.701680923234509,-13.37025076190643
24.886045832689788,13.354844736313762
0.41107497646400404,-19.540778809154993
22.490425475816327,30.068798951918524
-10.748438738752473,-2.5824965843174628
-15.890167755930545,1.6584107080652313
35.64274159024329,11.464241337161939
8.2085346920212583,-13.589826137527261
28.683921185668854,-14.4492435737554
30.904490045370824,-32.378330777633231
24.995420250973787,-12.551058988512395
-22.599187760448167,10.992016676395124
25.572720794946271,-30.604383722549557
20.415492618779467,-1.6132913290641975
-25.154307959895515,3.8204974213920808
33.819702804604248,6.800006824493968
-18.117416030725458,3.3837304848878524
25.741768327076691,23.779269027558406
-8.2584727764400068,6.8139546986556336
24.52906436249387,-28.678737392365381
27.256169960147087,-32.909393657477068
31.530941760447217,7.750528886222444
28.405140042184748,-28.231793394853391
25.582373324678528,-31.934765059533021
35.955355846795946,15.281778925838156
22.386933315058371,-11.731802721391379
28.635544310842704,-30.797999872834527
28.906259690399622,-27.698046197261938
13.934600298745309,-22.134006300068684
22.077516773937042,-28.5496239219739
24.227924071755606,6.4250493169721974
26.586113200901266,-25.606779185026106
-9.7013966364452173,-7.675261887578559
25.178695723402399,-30.574920173025181
38.326683020862589,-10.487391000877533
57.19647836311713,-2.7490498418068618
-16.553323515680276,-0.41120486118630017
-4.0813675457208127,1.4134931993752406
-22.967328781557924,1.0896183143847562
25.307015691527095,-29.049812479343547
29.935160532083067,0.96105481421076666
5.2465043874936628,-13.567763362177216
-17.599860332596673,-10.143703875620409
-11.856517937132288,-13.60335721719955
-18.351909454313226,3.5930993528799426
-22.341598621565673,-5.7686716243823319
-20.000590816569925,1.6271774982263594
-18.628515631757857,-5.5828153929062116
-6.3175419186867448,-13.956645953838969
8.8565626056281452,-18.774226954164369
26.342561580746999,-32.078810494614544
12.99268918125069,-16.859495521241552
12.838656751418254,-23.848006200437109
29.60952017558143,-31.578909227926612
-9.0009383201576263,-1.1625460377382781
11.897871030250309,-7.1692870348326441
29.969694315134237,19.233137790578986
-19.412820090681272,-16.186438766111312
29.625596983564023,-33.439543290637822
19.469002077449339,-18.03571510956899
27.053670042641873,-25.598386866628367
-18.111352714789561,-6.8918805136886991
10.651800757568537,-21.838024921847285
24.521429840571539,7.788296529649525
25.505933403847322,-29.242774373917168
4.1541419635087991,-17.388928452653545
27.301498959361812,7.1248978338663909
29.620596814121182,-30.659783503158405
31.586208569307132,-31.608162259787232
28.281704890432227,13.369343378887292
28.162877530197935,-25.328417995090337
27.866688081057603,-28.109990100585641
-11.205764924088232,4.0493219981026058
29.510221594969632,-1.7648246307268964
31.413852135793938,11.370649450643723
26.285834709624446,-31.600475995923784
18.704831312210715,-2.9553844948702794
-9.2526030386985259,-4.602698856649825
23.828414848847455,-11.96370691976044
26.739827082572518,-27.714591852133392
11.244014046640732,-20.469694994694102
32.349446146009832,-15.344916639840218
27.369969525560681,-30.617957720540307
-10.822021248190666,3.3833004692434399
11.186773105788845,-18.228291303110058
-13.133500465392405,-2.8042832484655023
20.937189704570166,-13.366541737733257
27.568320364214301,-28.544045025215443
29.691303301318083,14.451169574626329
20.739142943651778,21.397686898732065
-13.112345892765189,-4.9073854333378772
29.587553818060208,-3.4142443688800341
8.4375557396461751,-19.548952367821357
31.66034105199769,16.227374998869301
31.126583364810028,15.086989942537151
30.353255866198996,-31.071112887115024
6.0169161215544342,-21.79374295411829
28.711458955438012,-33.709649169250895
-16.223311305460147,7.7187912934673513
-13.844466628690151,1.4021114489735069
37.836572813443915,-8.8043330856429662
28.91374650221529,-29.47464343741472
17.15291896366676,-0.71296200427325607
25.859813450466458,10.841007497832043
28.935545499697053,15.234453691093741
24.431288358572981,16.274363909393827
31.9151676873397,6.0819876915388749
42.355985456482188,-3.1507137476872682
-16.011937420907323,3.284060206208764
29.827491431584328,-30.858124809715875
8.9828994743133102,-6.6560910398045703
26.934583912625488,11.731037064318363
29.383773510476619,19.183089570853848
-22.215848854363738,-7.4232048135474056
32.984448295350191,14.701873172955214
-17.825284893938928,-15.113893356838352
26.959207208663798,-30.974313359327407
32.238489709712489,-4.756123258329044
27.848184401655264,-30.246250670210706
31.582511730861132,10.904431632139964
27.208884685005557,-27.120913025023651
9.1027384568068204,-23.755412117735709
57.359667375611899,-3.5723167677534988
29.697183446972524,-27.568435376058492
16.728573130304962,0.13611428041726192
13.366603274889055,-13.188838487465802
-14.493144790139025,-8.6715227212778068
51.646423004752194,22.908812092894756
7.2609275256747932,-11.053242511151439
21.791673149518253,-9.7887159566099449
-21.686604399336275,1.887960141571674
35.063781491895455,-2.653880060914064
-6.3270318799657392,-6.9345943533824315
-16.153052044393299,-13.226776460722597
12.90803477158515,-16.834496775148651
30.975496335574753,10.581641408160465
14.820917369176932,-16.103433726824164
13.959489121570698,-20.508587753310387
27.218275364473165,-27.124980302034814
23.91989038026778,14.803071947460055
30.015959308154823,-29.749967596439518
13.65772789830125,-22.498458443587658
29.467640466742203,-28.76466808360211
11.027059977990724,13.392722899761885
26.218022196855454,-27.560421492413308
-18.622274573570845,-11.399745806944036
-14.687934488714815,4.6540886800877068
13.974125592451793,-18.684838366709737
37.946550539312611,8.5368846608777353
24.498707520010413,11.577519880082766
31.502720422068631,14.436596496247361
36.695776425598154,15.761195034926814
13.958520654920216,-13.442922922323611
29.007183678798235,24.822035616902433
16.005452058254871,-23.612611993271219
28.883694923307552,-26.484758207517626
-10.7276876966553,10.511230662957113
-7.0982522090787468,-13.8293984627519
25.467399497915473,-2.2362741189742241
-5.2251296934782427,-8.2755673322074976
-31.352260559936958,-8.0236432429345612
36.343593758359738,21.406153748603739
22.414992039514271,6.3782929479693609
-29.602618659883113,9.0216081946231981
-16.174960780977766,-5.235066567170942
-8.0303107290410782,-1.0694074653708516
10.668461707848033,-22.611539463272258
30.414673744111969,13.704546731077237
30.6888112990442,15.477139797420167
-8.1992172439191542,-10.816520803156463
-20.180371423895252,-3.8641095284439717
34.139136595281002,6.4392814659220683
-9.679133711506875,-2.7319260172930262
28.829853938498683,-28.717842738872232
25.703130712852424,11.555279396061604
-14.124181050595865,-14.268590001104382
44.562824998987459,-20.323609187090142
22.885209037343571,10.646567911510211
31.349707405875449,-31.875934542990063
17.212418999807962,9.5759692846848381
30.466394318336327,-27.349664172677407
31.307747862707565,9.009337168624052
23.278676926982204,-9.1429625078631744
12.330101342747549,-19.970299918814671
14.139995209790888,7.045900787533717
28.753400841411342,-30.890780936144306
21.85768619857506,16.685788364151676
27.527551303553015,-29.403971953068343
13.067245298557353,20.768618962583879
24.307816813103159,14.888479838355996
-17.711101792698091,-5.7673687146588275
30.165970568618786,17.481750198086992
26.077966952039233,-29.736748395870791
23.986632039828478,13.149400428524094
26.168955734170794,13.599972911519902
13.728279014403221,-16.845445878613816
10.510151371436146,-6.6265993904509557
43.352067228020132,4.342149461107093
-10.903743449063846,7.4821878379709652
28.955420176744756,-29.208666157183416
29.489114137865364,-31.562619745226034
30.098029592815656,-33.54246731128061
27.880634442412138,-28.036340459527018
29.873953449177005,19.773932067015579
24.312808654419474,13.384100152469081
42.427895927863851,8.4938648391926321
14.767661364434282,-20.369993219459438
27.432090055664268,9.0720561843583525
25.565062238923378,13.132737129232112
12.981989336986867,-11.574557235509403
25.135885205430313,13.954647670726658
33.545719429097083,17.356277443244959
19.381606258726571,-16.810106187423312
26.077813103567237,12.664904004289088
35.398677895707372,1.315111814452244
-15.807090728671511,0.58851641218987361
-17.250552506870129,0.62652002034192211
25.911591626659057,-27.22870130520409
25.520545373780788,-31.566827715808827
10.76937333950614,-17.428485337134525
8.6358767464352511,-15.581982927237542
26.848316014488226,14.907734728917688
15.12690534875831,-18.40599442623051
29.957919096497815,-26.030818140762708
12.091172956368727,-14.990042758860845
-13.998847673975254,-3.0103987938402681
37.73103423058177,-13.121535833831006
27.884913451978491,-32.135367487671346
13.939435369804054,-16.547827227928298
