-15.430677,0.36961874,12,8,8
7.5094137,-1.6048073,12,14,6
23.1197,-3.5864708,6,4,4
15.055664,-27.909727,2,2,2
-32.433697,-7.2810664,8,8,8
11.167401,1.2683239,2,14,6
14.923432,-27.743746,2,2,2
40.613937,2.1044781,16,0,0
21.02987,2.1746626,16,4,4
-10.595655,-5.6508956,12,8,18
-25.211487,-24.26694,10,10,10
52.961582,-18.261116,0,0,0
-15.010053,-2.2767642,12,8,8
28.701437,1.3155066,16,4,4
-13.310727,15.209031,12,8,8
4.0536075,8.964483,12,14,6
26.774286,3.0298498,16,4,4
12.7970085,-27.10141,2,2,2
41.99188,-18.563383,0,0,0
8.816176,-9.539098,2,6,4
-22.212984,-23.366585,10,10,10
-57.653008,-31.174213,8,10,8
15.878054,-28.333944,2,2,2
10.836025,1.8728802,12,14,6
-0.1701571,-25.898035,10,16,16
-28.681551,-34.662144,10,10,10
11.694296,0.22633758,2,14,4
-41.279266,-0.82541955,8,8,8
-23.964827,-23.524548,10,10,10
-10.778145,-2.9387617,12,8,18
-34.28953,-22.821535,8,10,10
28.094496,-4.7858768,16,4,0
-16.253256,-6.149433,12,8,10
-12.850831,2.1584673,12,8,8
17.030495,-28.54253,2,2,2
25.991255,-10.895936,6,4,12
-9.058745,2.4162672,12,8,6
13.493013,-27.665934,2,2,2
-12.322979,-5.4632106,12,8,10
-15.1437845,-2.3227186,12,8,8
-28.037672,-26.627375,10,10,10
4.5154586,-5.1936135,12,14,6
12.342305,-29.67146,4,16,2
7.9455104,-4.684073,2,14,6
-9.28384,-10.80712,12,10,18
-18.141533,-1.9387448,12,8,8
27.790562,0.22917013,16,4,4
19.53405,0.8127267,6,4,4
3.4183967,2.2898602,12,14,6
6.73967,2.0589836,12,14,6
8.221299,2.0530355,12,14,6
-10.289042,-6.146358,12,10,18
-9.402096,-3.1289155,12,14,18
11.7254925,4.5447655,12,14,6
29.262774,-15.062008,6,12,0
-18.333136,2.070146,14,8,8
7.924052,-2.7021189,12,14,6
14.874586,-27.680582,2,2,2
10.933035,-2.5210824,2,14,4
15.724473,-29.535921,4,2,2
-28.148851,-12.229098,8,8,10
-12.704063,-2.6456199,12,8,10
15.299165,-30.483194,4,2,2
23.89373,8.170473,16,4,4
13.02832,5.4698114,12,14,6
-34.141075,7.326086,14,8,8
-21.798918,4.0323067,14,8,8
13.003557,-33.51357,4,16,2
-12.320398,4.152956,12,8,8
-34.1572,-12.869263,8,8,8
-36.639652,2.291499,8,8,8
1.8630536,6.209679,12,14,6
-15.630753,1.3247432,12,8,8
24.93306,-7.891651,6,4,4
13.962369,-4.716094,2,4,4
-12.761276,-0.5307773,12,8,8
22.566835,-2.526746,6,4,4
36.49385,-5.7609544,16,0,0
24.234962,-12.879483,6,4,12
27.244114,-7.698033,6,4,0
-14.548118,2.2304142,12,8,8
11.823485,3.8374665,12,14,6
29.287716,-13.941371,6,12,0
-49.761936,-22.778204,8,10,8
15.050682,-26.121021,2,2,2
-1.5349107,0.043387715,12,14,6
-30.626621,-11.700552,8,8,8
21.966711,5.3327312,16,4,4
-11.329333,2.098064,12,8,8
-48.67968,0.43445802,8,8,8
24.334919,-3.60843,6,4,4
15.733419,-27.239729,2,2,2
14.131369,-2.098611,2,4,4
17.22584,-32.970306,4,2,2
16.220045,-3.8647256,2,4,4
29.899843,-10.522758,6,4,0
26.036665,-1.1247425,16,4,4
6.174887,4.7468896,12,14,6
12.312406,-27.806425,2,16,2
6.1774435,-0.94834167,12,14,6
-17.383244,-0.22678722,12,8,8
-24.215086,-6.3779936,8,8,8
5.533368,12.634431,12,14,6
-10.410609,-0.397634,12,8,18
-13.265607,2.5190327,12,8,8
-8.598149,-0.61909276,12,14,18
11.74166,-1.2495296,2,14,4
-17.064842,-17.953384,12,10,10
39.42302,-10.639087,16,0,0
-9.197154,1.8119047,12,8,6
-29.874792,-26.29369,10,10,10
-16.077562,7.5503845,12,8,8
7.9962587,12.377952,12,14,6
40.3809,7.197187,16,0,0
-22.028925,-50.970863,10,16,16
-21.986803,-0.25720766,14,8,8
7.249348,8.971635,12,14,6
16.66908,-30.769833,4,2,2
8.383907,-0.23714302,12,14,6
-12.239159,1.124234,12,8,8
14.146578,-30.620281,4,2,2
10.3149395,-3.0916774,2,14,4
-16.85014,-0.20330453,12,8,8
-29.806507,-21.542385,8,10,10
13.449879,-27.317171,2,2,2
-14.144802,-0.88411397,12,8,8
8.792836,-1.8811318,12,14,6
-1.2672992,4.040549,12,14,6
-8.886835,-1.3489197,12,14,18
6.752451,4.1541395,12,14,6
-10.391227,-0.08935931,12,8,18
-13.10636,9.881897,12,8,8
14.084422,-28.912592,2,2,2
-14.370658,-3.4953678,12,8,10
13.828584,7.301749,12,14,6
-30.564505,-19.553661,8,10,10
31.143843,-3.9262655,16,4,0
14.159877,-28.067217,2,2,2
25.658215,-2.9335077,16,4,4
25.618776,-5.97438,6,4,4
8.164398,2.4630053,12,14,6
-10.596137,0.7018223,12,8,18
-30.986242,-18.515219,8,10,10
15.95684,-23.386597,2,2,12
17.858656,5.7641544,16,4,4
6.81922,4.928177,12,14,6
-0.40610138,-1.5218401,12,14,6
14.683664,-29.174782,2,2,2
27.846067,-3.7474232,16,4,0
-25.170015,-28.479267,10,10,10
26.739067,-4.3201537,16,4,4
9.577287,-3.5468676,2,14,6
-14.032869,-2.8370316,12,8,10
-31.731531,-8.859421,8,8,8
-13.009352,0.6909141,12,8,8
-13.738493,0.59404474,12,8,8
-12.367726,-29.604488,10,18,10
18.544048,9.081168,16,4,4
18.274534,-28.88715,2,2,2
16.728611,-6.185503,2,4,4
-17.632725,1.1810466,12,8,8
-32.208523,-20.127502,8,10,10
-15.25629,2.6936827,12,8,8
11.693912,2.9117434,12,14,6
10.613588,-30.63571,4,16,2
4.746461,5.253505,12,14,6
14.699244,-28.926151,2,2,2
-15.002525,-4.8587837,12,8,10
-20.204367,-1.7963066,14,8,8
29.874495,11.895526,16,4,4
-33.117554,-30.381006,10,10,10
8.063238,2.9747179,12,14,6
-24.701044,-22.186077,10,10,10
-22.575861,-42.747314,10,18,10
13.919374,-29.6303,4,2,2
12.929676,2.6263623,2,14,4
4.9565034,-3.5740936,12,14,6
-17.9347,-13.131638,12,10,10
-24.643976,-4.299938,8,8,8
-22.374538,-11.529852,8,10,10
-7.986934,3.2929113,12,14,6
24.527834,-0.7833261,16,4,4
14.11508,-25.007278,2,2,2
22.467447,7.5740743,16,4,4
-16.068792,7.118165,12,8,8
-14.919981,-5.189618,12,8,10
11.950866,-28.305895,2,16,2
10.018928,-8.580172,2,6,4
23.948977,-2.787566,6,4,4
13.411138,-29.268206,4,2,2
-22.034128,2.5246434,14,8,8
10.366181,-1.3216139,2,14,6
12.343167,-28.194065,2,16,2
15.759716,-27.508741,2,2,2
7.250096,4.0617666,12,14,6
-16.279854,-3.6188354,12,8,10
4.4306498,-5.9005923,12,14,6
14.562528,-27.058693,2,2,2
22.000551,-2.7179084,6,4,4
32.972073,-1.0873125,16,0,0
4.80938,10.142374,12,14,6
-26.19227,-0.70961875,14,8,8
31.648022,2.4232051,16,4,0
34.21195,16.069916,16,4,4
-14.68767,-13.143908,12,10,10
13.049846,-31.039646,4,16,2
-2.5014777,-0.09571237,12,14,6
18.899248,-8.508181,2,4,4
-10.504457,1.4168148,12,8,18
25.957851,3.416553,16,4,4
-47.98048,-3.947313,8,8,8
11.708838,-2.7696378,2,14,4
-12.977121,-4.536231,12,8,10
-13.575117,-26.827616,10,18,10
29.37104,3.2162383,16,4,4
13.636173,-32.96773,4,16,2
-25.317478,-32.979797,10,10,10
-47.56625,-11.360268,8,8,8
8.829475,3.5040257,12,14,6
4.629579,-0.8806618,12,14,6
17.56785,-8.702292,2,4,4
15.574025,-24.034933,2,2,2
-22.272694,1.3096714,14,8,8
-12.771106,0.57724434,12,8,8
10.5898,2.7707334,12,14,6
1.1144589,7.4917183,12,14,6
-15.401825,-0.38720763,12,8,8
22.217583,2.1165571,16,4,4
-17.922812,6.192928,14,8,8
15.959249,-32.88241,4,2,2
30.377367,1.1496881,16,4,0
22.882421,11.94245,16,4,4
-14.950267,1.0815041,12,8,8
16.767292,-0.3348069,2,4,4
6.124391,6.748587,12,14,6
14.258454,-27.805084,2,2,2
-19.672684,-8.304119,8,8,10
14.453143,-30.965647,4,2,2
14.213035,-27.872902,2,2,2
1.5440524,7.702956,12,14,6
12.650141,-1.6475129,2,4,4
33.485737,-11.024888,16,0,0
-11.304381,-0.9426143,12,8,18
3.0730293,-0.50196624,12,14,6
-11.868769,1.4887075,12,8,8
13.011104,-25.40577,2,2,2
-15.734253,-24.767387,10,10,10
16.961988,-28.956066,2,2,2
20.669235,-7.7472534,6,4,4
15.4382305,-31.09678,4,2,2
23.764898,1.5048777,16,4,4
17.338358,-27.791636,2,2,2
14.107938,-29.011087,2,2,2
-22.337267,-0.0776482,14,8,8
-23.136192,-24.027966,10,10,10
12.839869,-25.952864,2,2,2
20.805939,1.555838,16,4,4
14.1970625,-28.730467,2,2,2
-40.129986,-16.071835,8,8,8
-19.519707,-22.36035,10,10,10
12.803391,-30.73663,4,16,2
-13.409812,7.7905793,12,8,8
-21.80248,-31.557636,10,10,10
-19.119167,1.5665612,14,8,8
-8.778005,-0.91801023,12,14,18
15.953898,10.285323,16,14,6
-24.555737,-4.15433,8,8,8
6.79758,-9.1941805,2,14,6
-27.087765,-12.2624035,8,8,10
8.632366,3.281621,12,14,6
7.1444197,9.283737,12,14,6
7.1183023,-2.39584,12,14,6
5.9129333,6.40933,12,14,6
12.403473,-29.31298,4,16,2
-35.946053,-8.621344,8,8,8
36.781292,-2.0898783,16,0,0
-15.4931,-18.988804,10,10,10
14.815773,10.160368,12,14,6
23.216251,0.40286475,16,4,4
31.921875,-1.7660965,16,4,0
24.451628,-0.040361397,16,4,4
-15.10935,1.1395016,12,8,8
-22.512922,-23.706694,10,10,10
7.5862937,6.0799713,12,14,6
9.095411,-30.646473,4,16,2
-7.126906,1.4071763,12,14,6
-25.787125,-23.606436,10,10,10
-27.100204,-19.353046,8,10,10
-15.873809,1.6315646,12,8,8
13.646365,-26.335682,2,2,2
14.099231,-27.941881,2,2,2
-17.458473,-0.43126848,12,8,8
15.048133,-4.8453517,2,4,4
15.052468,-33.665367,4,2,2
-8.627212,-4.26292,12,14,18
11.802262,-29.920235,4,16,2
14.928691,-26.367245,2,2,2
15.303049,-32.687428,4,2,2
-14.540409,-0.6627667,12,8,8
4.931506,-3.1855576,12,14,6
31.171898,-7.069537,16,0,0
15.507439,-2.3875437,2,4,4
-38.349285,-11.889925,8,8,8
6.398335,1.7990291,12,14,6
20.163698,-30.632915,2,2,2
-17.224468,-34.84946,10,18,10
-9.846868,-4.4336267,12,8,18
-15.83755,-4.045286,12,8,10
-10.08734,-3.578084,12,8,18
26.936752,-1.3698919,16,4,4
-10.622047,3.091961,12,8,8
-9.968449,-12.917776,12,10,18
-17.639292,-47.4421,10,16,16
1.9626366,-1.5167254,12,14,6
-40.377853,-12.828809,8,8,8
15.13195,-25.965631,2,2,2
-10.801426,-3.989566,12,8,18
3.8521821,1.8965777,12,14,6
-38.979282,-22.940197,8,10,10
15.903193,-30.105276,4,2,2
-18.97674,-1.5324726,14,8,8
-12.143252,3.2955678,12,8,8
14.854126,-28.749084,2,2,2
25.18891,-6.006842,6,4,4
19.264977,-8.861686,2,4,4
34.789326,2.132438,16,0,0
-22.636766,-21.375563,10,10,10
13.173271,-28.613945,2,2,2
-18.137224,0.5194423,14,8,8
15.9808,-28.393412,2,2,2
-15.999143,-10.244619,12,10,10
19.151129,-30.383715,2,2,2
-21.9505,-0.98969454,14,8,8
16.157627,-28.380428,2,2,2
-38.95592,-23.460608,8,10,10
-14.755801,-4.3672876,12,8,10
4.192262,-7.1426473,12,14,6
-7.934952,-3.4009218,12,14,18
-15.544598,-5.7893205,12,8,10
11.063159,-29.450623,4,16,2
-19.703205,-2.8189948,14,8,8
25.2217,4.957182,16,4,4
5.7036405,4.805734,12,14,6
-7.5485044,-2.0384777,12,14,18
21.509052,-0.8451943,6,4,4
26.010279,-6.9597945,6,4,0
9.942711,-30.423689,4,16,2
-31.359556,-15.578828,8,10,10
-23.05847,-7.303381,8,8,8
21.157364,-6.194439,6,4,4
-38.72754,2.747703,8,8,8
-43.781345,-13.070349,8,8,8
-14.61022,1.433096,12,8,8
7.2233496,5.4611015,12,14,6
-44.382267,-20.927813,8,10,8
12.001111,-30.424643,4,16,2
15.318985,-27.799294,2,2,2
13.266196,-27.713915,2,2,2
23.087921,-7.308088,6,4,4
10.099723,-9.72791,2,6,4
23.849092,-8.1099205,6,4,4
-33.156925,-30.180218,10,10,10
21.756666,-5.4846034,6,4,4
25.955086,-1.7504444,16,4,4
-8.667018,-0.90495205,12,14,18
12.811549,-19.085138,2,6,12
-15.264764,4.796959,12,8,8
-10.965019,-3.3685944,12,8,18
-30.964554,-19.015831,8,10,10
-19.150593,1.4333757,14,8,8
10.427477,0.6611867,12,14,6
17.961864,-30.96412,4,2,2
14.959194,-30.445953,4,2,2
-15.492942,7.4570203,12,8,8
14.798882,-28.4393,2,2,2
-8.001283,-28.718029,10,18,16
-19.964926,-3.8500454,14,8,8
-9.569153,-11.114491,12,10,18
34.85161,4.1590257,16,0,0
4.7427144,9.583218,12,14,6
15.392649,-28.88285,2,2,2
6.5181932,3.6136236,12,14,6
15.214905,-29.98151,4,2,2
-6.721779,2.096858,12,14,6
15.362626,-29.888273,4,2,2
-52.16949,-7.8867936,8,8,8
27.640896,-9.2395115,6,4,0
-5.4643517,0.304194,12,14,6
20.768759,-7.137501,6,4,4
9.144944,3.9232574,12,14,6
28.450401,4.9995475,16,4,4
38.256973,2.7985342,16,0,0
15.535578,-27.249756,2,2,2
3.717707,0.7911639,12,14,6
-16.033356,-0.2704609,12,8,8
-50.55133,-1.4251097,8,8,8
-43.71402,-30.259068,8,10,10
10.221076,-28.486652,4,16,2
24.357887,-6.8454084,6,4,4
-17.069057,-0.65312845,12,8,8
-31.574564,-16.82994,8,10,10
14.251978,-27.172121,2,2,2
13.913701,-31.704226,4,2,2
11.512967,6.9009376,12,14,6
-14.541888,1.8178184,12,8,8
19.825584,2.819036,16,4,4
-42.016727,-13.176418,8,8,8
-19.030539,-6.679799,12,8,10
1.6740017,-6.36828,12,14,18
-28.365759,-14.884066,8,10,10
14.201277,1.2047067,2,4,4
-37.175655,1.913274,8,8,8
-18.157164,-20.071934,10,10,10
-33.93357,-10.413363,8,8,8
-58.068188,12.300931,8,8,8
-22.932878,7.77389,14,8,8
11.812054,-10.527786,2,6,4
12.95512,-26.11206,2,2,2
22.447977,-4.912322,6,4,4
6.765417,-0.05021147,12,14,6
13.6599455,-27.294386,2,2,2
-20.023256,0.59551805,14,8,8
31.6289,-1.4832454,16,4,0
19.915045,-14.169138,2,4,12
-0.51620054,-0.5385095,12,14,6
-14.624512,0.90374565,12,8,8
-12.299262,-19.803623,10,10,10
-16.083073,3.3904004,12,8,8
-14.36764,-1.4694947,12,8,8
-13.022034,-0.31545565,12,8,8
28.02812,-2.5914688,16,4,0
18.287949,-33.6622,4,2,2
-34.099648,-15.775824,8,10,10
12.923341,-30.409351,4,16,2
3.7518728,-0.13762023,12,14,6
8.787366,-0.7962367,12,14,6
1.2819954,-1.1717108,12,14,6
18.58367,-31.98785,4,2,2
14.007227,-31.387241,4,2,2
-9.834027,0.24931286,12,8,18
21.4885,-1.1481336,6,4,4
8.986797,-1.370109,12,14,6
-32.531445,-6.411753,8,8,8
1.8589299,5.2323923,12,14,6
-21.910143,-18.345247,8,10,10
17.259264,3.5241246,6,4,4
5.4010954,1.3616208,12,14,6
-36.188053,-29.149311,10,10,10
-11.972357,0.3568542,12,8,8
-27.4695,-12.582748,8,10,10
-7.2845144,7.446529,12,14,6
25.738651,4.0550594,16,4,4
-19.03669,-23.601774,10,10,10
29.818415,4.6765165,16,4,4
12.712021,3.5766091,12,14,6
23.299303,8.755555,16,4,4
24.618422,-4.872392,6,4,4
-34.97637,-31.747288,10,10,10
-42.718212,-13.2333355,8,8,8
-37.310844,0.5009369,8,8,8
15.060584,0.9003391,2,4,4
8.564135,-0.6860564,12,14,6
-8.939701,-5.256312,12,14,18
5.955283,-0.7150767,12,14,6
3.2705345,1.3030759,12,14,6
16.023525,-27.337683,2,2,2
21.316977,-1.7510062,6,4,4
1.5247015,4.087342,12,14,6
-7.2828903,-1.661161,12,14,18
8.059563,3.9233718,12,14,6
-2.9603734,-24.854656,10,18,16
5.12537,0.8375296,12,14,6
7.1286106,6.8143935,12,14,6
20.480816,-13.566547,2,4,12
9.786537,4.9026904,12,14,6
27.340906,-1.700369,16,4,4
23.913359,-7.624285,6,4,4
26.477768,-1.3307256,16,4,4
9.474683,0.14248016,12,14,6
-16.183413,-17.605824,12,10,10
-29.08224,-12.631555,8,8,10
14.203808,-28.678917,2,2,2
33.537907,5.1152973,16,4,0
34.09093,-2.160101,16,0,0
3.7626207,2.238011,12,14,6
17.571388,-24.0576,2,2,12
14.324814,-31.918987,4,2,2
-15.938891,-26.041769,10,10,10
20.690872,-5.5487375,6,4,4
-22.998707,-28.160162,10,10,10
-19.240057,2.2181644,14,8,8
-11.695755,1.9700881,12,8,8
-38.12291,4.7182007,8,8,8
-45.20803,-16.459583,8,8,8
-25.088669,-28.730482,10,10,10
39.332333,-1.4697757,16,0,0
-10.024937,-0.056015186,12,8,18
28.58045,2.8230333,16,4,4
-49.01522,-14.443244,8,8,8
-16.171272,2.3754108,12,8,8
-14.241691,-2.1104925,12,8,10
29.29876,-3.6152592,16,4,0
28.005459,-4.2874756,16,4,0
-16.139704,-6.8352056,12,8,10
17.834803,9.425783,16,4,4
11.591999,-3.461381,2,14,4
22.496935,-2.074114,6,4,4
-23.74137,-19.441051,8,10,10
-15.587648,-2.9219728,12,8,10
-26.727518,-10.898293,8,8,10
-15.381084,-2.446623,12,8,8
19.769127,-8.667143,6,4,4
-18.35637,-16.824404,8,10,10
-17.809652,-2.359772,12,8,8
-14.274781,-25.623606,10,18,10
-16.81757,-2.4109855,12,8,8
1.0655777,8.628085,12,14,6
15.331258,-27.37591,2,2,2
22.343622,-10.825858,6,4,12
31.278086,-10.509851,6,0,0
14.377008,-31.452858,4,2,2
-13.8624525,7.8992386,12,8,8
29.177332,1.6081632,16,4,4
28.497416,-3.4504037,16,4,0
10.856252,-31.839718,4,16,2
-2.6068392,2.3333864,12,14,6
-10.100863,0.14150377,12,8,18
14.806696,0.5361641,2,4,4
15.943717,-30.693895,4,2,2
-13.717123,2.4342222,12,8,8
2.2133648,3.8423946,12,14,6
2.339997,11.636952,12,14,6
34.949623,-1.683137,16,0,0
-10.685461,-1.2263098,12,8,18
12.021935,-29.10651,4,16,2
13.767723,-30.048641,4,2,2
-11.317931,-2.6711056,12,8,18
14.02716,-31.87088,4,2,2
-13.80924,-0.62597483,12,8,8
6.0913467,-5.0882072,12,14,6
14.724252,5.810127,2,14,4
13.2323675,-29.688126,4,2,2
6.4212065,1.8339994,12,14,6
22.384285,9.830483,16,4,4
0.5024565,2.2321084,12,14,6
-9.73443,-23.386406,10,18,10
-16.986097,1.3052379,12,8,8
14.09453,-31.62697,4,2,2
-21.664968,-1.0023414,14,8,8
-32.88881,-30.443283,10,10,10
-15.922419,2.2110806,12,8,8
14.126736,-26.754814,2,2,2
28.165674,-4.5395947,16,4,0
-17.798908,-1.5632247,12,8,8
3.1925526,8.559232,12,14,6
-10.871402,2.3587377,12,8,8
24.819504,1.6184283,16,4,4
-43.545593,-30.08841,8,10,10
-11.450443,7.3345017,12,8,8
5.983918,1.4842414,12,14,6
4.6840577,-5.130213,12,14,6
8.418891,0.117546685,12,14,6
25.769958,3.3614554,16,4,4
-8.651742,-6.3156486,12,14,18
13.395867,-30.77452,4,16,2
-19.711815,-24.474503,10,10,10
-0.9434964,12.371153,12,14,6
-15.147924,-31.721317,10,18,10
32.170574,-12.6356125,6,0,0
5.688432,-3.2086513,12,14,6
29.24914,10.707543,16,4,4
4.6959925,0.7528129,12,14,6
-9.506822,-3.136746,12,14,18
5.510224,-2.8530755,12,14,6
-10.158178,-14.716118,12,10,10
13.707682,-29.227013,4,2,2
0.816172,2.630434,12,14,6
14.348984,-29.484434,4,2,2
-14.040362,-34.09729,10,18,16
26.850481,-0.043495998,16,4,4
4.9294186,2.8587534,12,14,6
23.548386,-13.005081,6,4,12
-15.125665,-10.60989,12,10,10
-11.553856,-2.2811663,12,8,18
20.026043,2.2459157,16,4,4
-34.461056,-23.788641,8,10,10
11.913058,-5.838268,2,4,4
-18.604418,-5.710224,12,8,10
0.498879,-2.138625,12,14,6
-10.301966,-4.7164273,12,8,18
12.265123,1.6267916,2,14,6
7.1109967,-6.1273317,2,14,6
-3.6843827,5.565815,12,14,6
-17.041416,-29.67271,10,10,10
9.766844,-4.6618342,2,14,4
8.921772,6.5804386,12,14,6
-20.488884,-25.590147,10,10,10
5.122629,3.6864967,12,14,6
-25.114536,-17.870115,8,10,10
-2.1522472,1.8768098,12,14,6
15.110939,-30.872904,4,2,2
5.4085965,-8.536818,2,14,6
-28.198723,-0.8451353,14,8,8
16.40132,-29.161074,2,2,2
14.995675,-31.130857,4,2,2
-11.202704,1.916013,12,8,8
23.310104,-5.683939,6,4,4
-7.4553266,5.0019045,12,14,6
16.078873,-27.25259,2,2,2
14.033422,-33.059708,4,16,2
14.759259,-29.198109,2,2,2
24.945835,5.498463,16,4,4
6.2465897,-11.836007,2,6,18
26.424622,-5.377641,6,4,0
-13.050736,2.7392294,12,8,8
14.091586,-32.940826,4,2,2
-19.829891,-18.959091,8,10,10
24.221502,-4.543774,6,4,4
-13.524047,-11.19356,12,10,10
16.677233,-30.559883,4,2,2
15.682871,-31.467178,4,2,2
-17.397322,-0.35214555,12,8,8
33.346077,-3.8399982,16,0,0
11.081425,-29.762486,4,16,2
5.9082885,-2.9334877,12,14,6
4.067822,2.8251193,12,14,6
-22.543287,-4.791442,14,8,8
23.792097,-3.83269,6,4,4
12.257132,-32.220703,4,16,2
-20.175335,-17.33735,8,10,10
-8.667843,3.1412745,12,14,6
-24.729582,-8.896985,8,8,8
-21.593014,-17.413784,8,10,10
-51.63482,0.16786414,8,8,8
28.436876,-6.9360976,6,4,0
0.9804924,-6.9374876,12,14,18
11.763302,-0.37749588,2,14,4
13.823285,-26.186094,2,2,2
15.792296,-26.572908,2,2,2
27.25803,-0.2699443,16,4,4
14.160167,-27.533623,2,2,2
-26.692606,-5.576342,8,8,8
-7.913606,-2.6476643,12,14,18
0.45214054,10.593977,12,14,6
16.5139,-23.686293,2,2,12
-15.977646,-2.417789,12,8,8
9.153893,-7.5798798,2,14,4
9.706112,0.42996082,12,14,6
7.328923,0.41978717,12,14,6
-25.784227,-18.706356,8,10,10
-2.6717637,-2.097499,12,14,6
16.08586,6.894942,16,4,4
11.152703,0.7284549,2,14,6
-8.9475355,2.980299,12,14,6
17.240278,-28.810734,2,2,2
-37.3223,6.1426005,14,8,8
22.751583,-11.739967,6,4,12
-17.197199,0.06603183,12,8,8
-8.249842,-0.33980894,12,14,18
-9.026627,0.8655849,12,14,18
30.06557,13.501632,16,4,4
16.253128,-31.32726,4,2,2
-18.773945,-2.1457944,14,8,8
-0.6048626,1.7902998,12,14,6
15.896338,-28.874912,2,2,2
35.14636,-5.869687,16,0,0
31.123787,4.797254,16,4,4
-15.103971,-4.2737565,12,8,10
12.326984,-31.707981,4,16,2
-16.937466,0.9647823,12,8,8
11.861527,-25.344128,2,16,2
5.7709336,2.991338,12,14,6
-7.592351,3.328208,12,14,6
-32.212845,-3.5651064,8,8,8
6.8329725,6.8589373,12,14,6
-1.3405783,-1.8587884,12,14,6
7.629234,-3.8101177,2,14,6
27.19916,-4.06937,16,4,0
-16.809368,-7.1790943,12,8,10
14.514958,-28.204865,2,2,2
-9.90138,-3.9655378,12,8,18
25.894863,-6.0036225,6,4,4
13.772534,-25.396381,2,2,2
-1.04084,3.3756776,12,14,6
-29.774511,-19.68675,8,10,10
3.3364415,0.16544381,12,14,6
1.4596043,4.9698095,12,14,6
27.911339,-0.74137133,16,4,4
3.6199234,-1.31114,12,14,6
24.05125,-1.4037007,16,4,4
21.385597,0.51176685,16,4,4
13.31723,-28.400837,2,2,2
-22.001842,-0.94051445,14,8,8
38.689804,-5.4693213,16,0,0
-28.685806,-14.044463,8,10,10
5.1278768,4.3899,12,14,6
-17.170021,-4.314038,12,8,10
1.5131129,-4.4356966,12,14,6
34.403065,-2.3162405,16,0,0
-39.83771,-12.52689,8,8,8
-13.867559,3.7617688,12,8,8
7.010841,1.1184096,12,14,6
-18.345804,-10.378275,12,10,10
-20.706095,4.788943,14,8,8
-10.779697,-1.4328275,12,8,18
15.310162,-30.053019,4,2,2
-38.039474,-25.878578,8,10,10
13.932371,5.897978,12,14,6
6.6370754,-0.7067345,12,14,6
33.847027,-1.6976739,16,0,0
-14.743956,5.6675806,12,8,8
15.4458065,-31.143557,4,2,2
-16.606766,-20.134249,10,10,10
-23.346804,-7.1910796,8,8,8
-35.17818,-30.343401,10,10,10
-32.878323,-21.93845,8,10,10
1.2675074,2.1850877,12,14,6
15.122161,-31.91966,4,2,2
-9.243629,-1.0916905,12,14,18
-13.286563,3.0127838,12,8,8
4.889708,-4.9718423,12,14,6
-37.999912,-32.777245,10,10,10
29.229004,-8.129359,6,4,0
-37.85377,-14.833269,8,8,8
20.726353,-4.863512,6,4,4
4.73563,-3.3214986,12,14,6
33.84179,-0.45522845,16,0,0
16.835861,-24.315224,2,2,12
24.845848,11.066371,16,4,4
11.904275,-30.045938,4,16,2
18.301247,-5.9680223,2,4,4
13.394389,-30.512281,4,2,2
-27.796124,1.8293172,14,8,8
-27.138258,-23.340528,10,10,10
-18.95051,-0.075081,14,8,8
-0.73618084,1.0451162,12,14,6
-15.524554,-5.276913,12,8,10
34.867832,-1.1311852,16,0,0
-22.98549,-3.1397114,14,8,8
-13.691905,0.20459297,12,8,8
-33.614574,4.2339773,14,8,8
6.7893915,3.5242248,12,14,6
-45.465004,-17.862427,8,8,8
21.216839,-18.496605,2,4,12
18.018017,-31.158949,4,2,2
-27.468195,-12.686335,8,10,10
12.574622,-30.576609,4,16,2
-35.368416,-41.3553,10,10,10
23.45532,-1.515895,16,4,4
5.3342743,-2.1505535,12,14,6
-11.856399,-2.1302838,12,8,10
22.305841,2.331191,16,4,4
-11.939993,0.5502029,12,8,8
16.827295,-29.523378,2,2,2
-43.091305,-23.569307,8,10,10
13.005043,-33.046898,4,16,2
14.35913,-29.5627,4,2,2
17.261854,-30.402409,4,2,2
10.787443,-32.896416,4,16,2
-20.456308,-27.152071,10,10,10
15.241964,-26.587715,2,2,2
16.29666,-29.049444,2,2,2
13.805733,-28.670788,2,2,2
24.676044,1.89812,16,4,4
16.274437,-26.437595,2,2,2
20.24802,3.1790879,16,4,4
-13.885737,5.2926025,12,8,8
14.929153,4.792941,2,4,4
12.54551,-32.118317,4,16,2
-14.303443,-4.4893126,12,8,10
13.496979,-26.339787,2,2,2
10.345922,-4.8886843,2,14,4
18.353052,-28.934414,2,2,2
2.8371797,4.981567,12,14,6
14.260684,-29.294357,4,2,2
5.436739,-2.8065658,12,14,6
-49.614956,-41.477394,10,10,10
16.437866,-30.276003,4,2,2
22.982327,0.19297558,16,4,4
3.8864694,-1.1582434,12,14,6
-2.7271526,3.619478,12,14,6
13.401882,-30.975918,4,16,2
17.084774,-0.7811199,6,4,4
-37.661797,-4.6712933,8,8,8
-16.962494,-4.6190214,12,8,10
11.828225,-28.393976,4,16,2
14.690587,-29.229452,4,2,2
-28.28454,-9.745223,8,8,8
0.26374263,8.441424,12,14,6
10.798515,-28.530138,4,16,2
9.516491,5.138949,12,14,6
14.01255,6.7698746,12,14,6
-39.803986,-20.678104,8,10,10
22.267519,3.5796878,16,4,4
25.229052,-0.5218265,16,4,4
-17.249754,-9.380976,12,10,10
-31.03362,-0.4505637,8,8,8
14.909368,-33.352955,4,2,2
14.4304695,-31.62639,4,2,2
-11.102772,-26.528027,10,18,10
-16.576508,-2.59902,12,8,8
15.467103,-28.630247,2,2,2
25.357016,-21.816578,6,12,12
16.02308,-26.633986,2,2,2
-20.346989,-8.381964,8,8,10
-3.8604715,-1.2240093,12,14,6
-17.607391,-13.810037,12,10,10
15.742963,-26.439203,2,2,2
40.708294,-4.508076,16,0,0
28.2404,-15.974943,6,12,0
-15.674092,-2.8980289,12,8,10
11.952532,-27.08558,2,16,2
1.5779201,8.442755,12,14,6
14.821003,-30.109507,4,2,2
32.746902,-6.709788,16,0,0
-15.753026,-3.5410683,12,8,10
-20.630365,-43.825695,10,18,16
17.21603,-27.249105,2,2,2
14.114183,-32.328636,4,2,2
14.370802,-29.840702,4,2,2
31.779182,-2.859998,16,4,0
11.461571,-1.7355887,2,14,4
-16.267101,0.3423202,12,8,8
17.125546,-29.52661,2,2,2
-42.900288,-29.342518,8,10,10
15.287278,-31.438986,4,2,2
0.8589,15.701351,12,14,6
-18.293,-0.52573806,14,8,8
-1.573715,6.0199223,12,14,6
30.658178,-6.283307,16,4,0
28.760931,-6.3817315,16,4,0
2.2531083,1.1749411,12,14,6
-2.5481987,-0.20481072,12,14,6
18.031345,3.1232562,6,4,4
26.159782,-6.5442324,6,4,0
-20.761843,-13.08023,8,10,10
-4.068723,-4.0232983,12,14,18
-13.578371,-1.8148447,12,8,10
22.79803,7.326828,16,4,4
34.76649,-1.9749601,16,0,0
6.202875,-0.50272685,12,14,6
-13.663161,-5.7477975,12,8,10
14.901641,-29.972713,4,2,2
23.634815,-4.93821,6,4,4
0.3636994,7.1605916,12,14,6
-20.70684,-0.78776485,14,8,8
-17.74182,2.2789874,14,8,8
26.061275,-6.9591923,6,4,0
-15.202634,1.9019266,12,8,8
-9.736083,-2.9492552,12,8,18
29.464987,-11.939537,6,4,0
12.193872,-30.540403,4,16,2
4.174468,4.251554,12,14,6
9.532193,4.4634967,12,14,6
-22.826237,-7.6656404,8,8,8
-22.432528,-39.360226,10,10,10
-13.587737,-3.6888332,12,8,10
10.809088,2.6997871,12,14,6
-13.143265,-4.220331,12,8,10
-43.12343,3.8663492,8,8,8
5.0704117,0.23755722,12,14,6
17.925829,-28.007809,2,2,2
17.752033,-28.071447,2,2,2
-15.169181,-2.3126063,12,8,8
7.9005,1.1607295,12,14,6
22.585104,-11.502154,6,4,12
-28.845282,-12.189302,8,8,10
-26.489733,-1.6831666,14,8,8
-23.46116,-20.570156,8,10,10
-5.299895,-22.999325,10,18,18
16.281963,-29.353418,2,2,2
-10.834838,-17.922844,10,18,10
-11.997429,-4.644064,12,8,10
16.523272,-30.682302,4,2,2
16.95774,-29.081505,2,2,2
-17.56623,-11.869216,12,10,10
12.341549,-24.837677,2,2,2
-15.20929,3.057874,12,8,8
14.389023,-25.506962,2,2,2
-16.431519,-1.5518807,12,8,8
-34.85134,-9.856967,8,8,8
15.102603,-26.562597,2,2,2
26.006151,-5.598457,6,4,4
21.128302,-11.247061,6,4,12
27.860023,-6.9713454,6,4,0
15.554427,-28.685883,2,2,2
35.26643,4.683021,16,0,0
-14.678903,-27.188673,10,18,10
5.4224844,4.5944443,12,14,6
-48.133354,-7.11246,8,8,8
5.554591,0.04738016,12,14,6
19.34489,-2.1446369,6,4,4
-10.695935,-6.166161,12,10,18
-11.023003,5.7258525,12,8,8
2.3384783,-15.288716,2,18,18
2.4928987,5.809625,12,14,6
-37.443424,-27.200851,8,10,10
-24.362589,2.9371529,14,8,8
9.896517,0.8165425,12,14,6
-14.263648,0.6588058,12,8,8
16.740704,-28.20125,2,2,2
19.657387,-28.179747,2,2,2
15.069694,-32.130672,4,2,2
16.286087,-29.466858,2,2,2
-38.98149,-30.623827,10,10,10
10.735529,3.353748,12,14,6
13.279329,-5.479418,2,4,4
-22.03889,-20.361164,8,10,10
12.50761,-30.171293,4,16,2
12.362129,-26.428068,2,2,2
-11.562697,-4.1620374,12,8,10
-10.219766,-0.9593163,12,8,18
-34.175297,-1.3206879,8,8,8
37.28554,-6.68226,16,0,0
37.228176,7.959408,16,0,0
17.287647,-30.04041,4,2,2
-7.5081615,-0.41908383,12,14,18
-11.787045,1.860834,12,8,8
28.208084,-5.5021243,16,4,0
14.3165865,-28.125025,2,2,2
14.504713,-29.37151,4,2,2
14.356448,-29.016682,2,2,2
6.7489357,0.86375135,12,14,6
15.264599,-31.081713,4,2,2
24.484255,-2.7466326,16,4,4
16.49719,-27.53617,2,2,2
29.358957,-2.4645162,16,4,0
-10.877428,-2.9933908,12,8,18
-12.227922,2.2810662,12,8,8
3.2415943,-1.6182613,12,14,6
15.304632,-4.296528,2,4,4
-11.401106,-0.6218425,12,8,18
28.77775,6.46701,16,4,4
18.536692,0.10313897,6,4,4
12.048996,-2.541274,2,14,4
-15.329489,2.7257507,12,8,8
-19.62635,-2.0921228,14,8,8
-20.113497,-2.760639,14,8,8
20.532948,-30.563843,2,2,2
6.953464,-0.5229112,12,14,6
-2.194439,4.2142987,12,14,6
28.926214,5.1039543,16,4,4
-22.597364,-16.602434,8,10,10
31.948338,-11.850866,6,0,0
-12.636982,-2.5323668,12,8,10
-20.371317,-4.675983,14,8,8
34.417503,-3.3830001,16,0,0
6.3515887,-4.5509777,12,14,6
16.93671,-26.675365,2,2,2
-20.09332,-19.238558,8,10,10
-16.028597,-2.350218,12,8,8
20.858978,-9.440741,6,4,4
-57.59901,-0.7892394,8,8,8
-16.834126,-2.4361935,12,8,8
3.9227014,6.5521755,12,14,6
2.7744079,0.31176877,12,14,6
24.811136,-0.49170294,16,4,4
31.497715,3.852615,16,4,4
15.116124,-31.140947,4,2,2
35.594585,-5.680969,16,0,0
21.521744,-3.51543,6,4,4
32.580276,-6.3744764,16,0,0
18.99028,2.5783803,16,4,4
-17.962538,-1.7055902,12,8,8
-24.157911,-21.935036,10,10,10
-14.727482,-2.5476022,12,8,10
-32.97816,-5.1015162,8,8,8
-13.74775,2.0337274,12,8,8
15.148358,-4.619697,2,4,4
11.486652,-31.841993,4,16,2
15.453876,-25.293686,2,2,2
25.871208,-3.8659198,16,4,4
16.86897,-31.377975,4,2,2
-13.147566,-3.967559,12,8,10
-11.377077,0.35405004,12,8,18
13.943314,0.75610757,2,4,4
12.930887,-28.191187,2,2,2
14.144104,-25.596857,2,2,2
-21.638296,-3.6899817,14,8,8
22.281696,1.1041238,16,4,4
-9.437414,-8.38446,12,10,18
-24.800974,-5.720166,8,8,8
0.16142398,15.372552,12,14,6
13.678257,-30.201527,4,2,2
-13.6833515,-7.9570913,12,10,10
11.410302,-29.584538,4,16,2
-10.7092085,0.9737696,12,8,18
-19.632545,2.8355095,14,8,8
8.020595,-3.4327204,2,14,6
35.64639,2.6118102,16,0,0
-10.463891,4.916215,12,8,8
10.745227,-0.40183282,2,14,6
-2.3261063,-0.27157724,12,14,6
-15.614632,0.6298526,12,8,8
4.224582,-5.6290255,12,14,6
12.884872,-31.467632,4,16,2
5.405457,7.1196036,12,14,6
24.350374,5.046163,16,4,4
-36.406384,-23.834362,8,10,10
38.145813,4.4507236,16,0,0
-20.448961,0.28007323,14,8,8
-18.9822,-2.3252387,14,8,8
-8.797392,3.0078049,12,14,6
1.0581447,-4.012004,12,14,6
12.381855,-28.537481,4,16,2
16.519922,3.6253324,6,4,4
12.465234,-32.14577,4,16,2
-11.360013,2.9458506,12,8,8
-17.185038,-3.1081402,12,8,8
13.630067,-11.405677,2,6,4
-13.261816,-1.7674754,12,8,10
12.3771515,-31.860594,4,16,2
13.827275,-28.689234,2,2,2
21.229656,3.530841,16,4,4
12.408621,-27.411072,2,16,2
-16.387733,3.653537,12,8,8
-26.397371,-4.0091233,8,8,8
27.923477,-1.2938211,16,4,4
6.6359606,4.2945304,12,14,6
11.650764,-32.588917,4,16,2
19.142214,0.5229238,6,4,4
14.316391,-30.04038,4,2,2
0.54080683,4.2707696,12,14,6
8.076014,-3.7457893,2,14,6
8.026971,-1.4893376,12,14,6
35.367317,0.94722986,16,0,0
15.986083,-27.6669,2,2,2
-10.083601,5.683551,12,8,6
-10.253621,-2.1092045,12,8,18
22.133455,-12.029111,6,4,12
1.0594196,-0.22928089,12,14,6
12.897547,-30.41968,4,16,2
13.794081,-29.036156,4,2,2
-16.26404,-8.981684,12,10,10
-35.31964,-24.33599,8,10,10
-13.430502,1.4712187,12,8,8
2.0012727,7.563899,12,14,6
-22.31095,-4.923178,14,8,8
5.8407836,5.2112417,12,14,6
-24.514435,-12.185936,8,10,10
-51.614437,-14.883063,8,8,8
14.395767,-30.060951,4,2,2
4.506213,0.87748265,12,14,6
4.362443,-0.19423038,12,14,6
12.268384,-28.79447,4,16,2
12.637038,1.3391817,2,14,4
-8.43973,-4.235249,12,14,18
-12.692913,5.8852744,12,8,8
-9.236228,2.3177466,12,8,6
-15.804134,5.0324306,12,8,8
23.106852,-15.365615,6,4,12
-43.74681,-25.295717,8,10,10
-11.47708,-14.436292,12,10,10
5.894039,2.6941144,12,14,6
36.663445,-11.910028,16,0,0
27.259912,-6.055142,6,4,0
30.519606,-7.988909,16,4,0
-51.16243,-4.032848,8,8,8
12.236982,8.218257,12,14,6
13.893602,-28.960995,2,2,2
12.869758,-28.639322,2,16,2
-8.829359,0.548346,12,14,18
-28.032907,-13.629335,8,10,10
-26.83108,-33.81011,10,10,10
14.522843,-27.905323,2,2,2
-1.8812802,-20.037111,10,18,18
33.473923,-9.632828,16,0,0
-48.36206,-8.941318,8,8,8
3.3909504,-12.975402,2,14,18
-11.722082,-3.3974547,12,8,10
33.757603,-19.10902,6,0,0
15.699844,-30.566689,4,2,2
-14.439549,1.0684655,12,8,8
13.603595,-26.180798,2,2,2
16.410603,-2.5536935,2,4,4
13.533249,-29.176018,4,2,2
22.908998,-8.51535,6,4,4
2.2458088,0.37053755,12,14,6
2.9796553,-2.5317237,12,14,6
33.8269,3.8521197,16,0,0
-2.107539,-19.526693,10,18,18
10.665848,-5.5404515,2,14,4
-24.25264,-5.878745,8,8,8
18.953238,-0.8975308,6,4,4
-22.862324,-12.958372,8,10,10
9.655682,4.672578,12,14,6
14.00669,-25.916912,2,2,2
-6.120945,3.5777438,12,14,6
0.5597727,-1.2790475,12,14,6
-13.73799,3.2792602,12,8,8
-11.6466465,1.8255303,12,8,8
14.722725,-30.174212,4,2,2
15.554398,-25.223871,2,2,2
12.037334,-30.283426,4,16,2
-16.36942,-1.8504423,12,8,8
13.952258,-28.141888,2,2,2
-6.252356,-6.0520816,12,14,18
12.934503,-0.15397775,2,14,4
8.384218,-4.713855,2,14,6
-12.362034,-4.421352,12,8,10
-48.447006,-12.341069,8,8,8
21.62519,3.8151863,16,4,4
30.72167,-6.1857862,16,4,0
6.463589,-3.6038868,12,14,6
-13.904221,-0.8692932,12,8,8
29.290487,-2.4266613,16,4,0
10.721169,-26.818617,2,16,2
-31.654335,-21.686792,8,10,10
30.046486,-4.0249,16,4,0
-13.835462,4.0588913,12,8,8
17.106747,-27.878347,2,2,2
-10.451638,1.856484,12,8,18
18.29552,-28.186464,2,2,2
18.077991,-27.40088,2,2,2
18.05042,-28.713333,2,2,2
30.222643,-9.507155,6,4,0
15.3256,-26.270239,2,2,2
-2.787833,3.0726714,12,14,6
17.69848,-27.105862,2,2,2
-18.026386,1.2875262,14,8,8
-14.744182,5.44882,12,8,8
31.112158,7.3112445,16,4,4
14.644259,-28.601837,2,2,2
40.31392,2.1014946,16,0,0
-16.203062,2.4787154,12,8,8
-10.724327,-39.955353,10,16,16
21.82901,8.689239,16,4,4
3.8875058,-0.3334486,12,14,6
25.706549,2.3748388,16,4,4
-29.16504,-29.343622,10,10,10
1.2287891,4.091534,12,14,6
17.415102,-12.519268,2,4,12
13.933796,-29.797932,4,2,2
-25.058989,-36.61784,10,10,10
2.3647177,2.287515,12,14,6
-9.372228,-2.252729,12,14,18
5.678356,0.9762026,12,14,6
-11.504091,-0.7190444,12,8,18
-42.053818,-30.171875,8,10,10
-13.98888,3.19111,12,8,8
28.49236,6.332204,16,4,4
-31.705606,-5.2525735,8,8,8
-24.155106,-7.9024587,8,8,8
35.246197,-11.916834,16,0,0
14.514343,-31.042175,4,2,2
18.114735,-29.14168,2,2,2
16.188168,-12.781528,2,4,12
-34.235153,-2.0905678,8,8,8
-11.803201,-31.189396,10,18,16
-10.857407,1.7777864,12,8,8
26.009611,-3.5858135,16,4,4
-19.752228,-5.278182,14,8,8
-16.092037,4.5515504,12,8,8
-13.5524025,0.807359,12,8,8
10.743493,-34.38793,4,16,2
3.1941483,4.7030845,12,14,6
12.733749,-28.507452,2,16,2
-15.240638,-4.624441,12,8,10
-22.14159,-11.259537,8,10,10
-22.3814,-3.2345748,14,8,8
20.040092,-7.836362,6,4,4
-11.595312,3.8995123,12,8,8
13.31203,-26.151445,2,2,2
-27.467203,-37.243164,10,10,10
6.5986433,0.27970943,12,14,6
-32.01083,-43.964424,10,10,10
-1.1816653,-6.2826757,12,14,18
8.269761,-3.1016138,2,14,6
7.53767,-5.6472926,2,14,6
27.944227,-1.7737085,16,4,4
21.699532,2.2491355,16,4,4
-7.360471,-9.522354,12,14,18
-10.991895,12.756178,12,8,8
7.0819325,4.133068,12,14,6
20.835484,1.6382743,16,4,4
-16.563332,-2.9834065,12,8,8
1.8749517,1.6624138,12,14,6
14.814208,-24.573227,2,2,2
-7.4200625,-3.6466932,12,14,18
18.132702,-30.70901,4,2,2
-13.757831,-2.5554452,12,8,10
-8.752598,1.4691664,12,14,6
4.7473965,-3.3080504,12,14,6
5.020119,2.6905513,12,14,6
-8.025739,-1.8846991,12,14,18
15.571694,-28.406204,2,2,2
14.604709,-24.78083,2,2,2
39.743355,7.175028,16,0,0
-19.355616,-21.73687,10,10,10
-2.898999,-1.5205181,12,14,6
12.585224,-25.94568,2,2,2
32.765377,2.7715933,16,4,0
19.093376,-31.12687,4,2,2
14.080524,-26.872423,2,2,2
6.9152946,-2.7083006,12,14,6
6.3903117,2.6267319,12,14,6
26.244385,-14.464997,6,4,12
-24.035046,-20.390657,8,10,10
4.654907,-1.5323308,12,14,6
-0.29681513,0.7866903,12,14,6
-8.221642,-31.207453,10,18,16
-11.082175,-1.2938997,12,8,18
0.80526835,1.2294211,12,14,6
11.880248,3.1304934,12,14,6
0.28013992,6.0031576,12,14,6
4.6839676,4.104443,12,14,6
-27.983904,-19.622286,8,10,10
14.625777,-30.889183,4,2,2
17.514248,-27.24698,2,2,2
13.186156,-31.237375,4,16,2
15.991792,-28.606352,2,2,2
9.978123,-2.2508075,2,14,6
-9.005749,-5.2758284,12,14,18
24.592426,10.626703,16,4,4
-54.075542,-2.8260555,8,8,8
-18.285603,0.5176457,14,8,8
-24.079437,-12.055185,8,10,10
19.186419,-8.091243,2,4,4
-5.6669283,-2.5183427,12,14,18
-10.73405,-1.9292842,12,8,18
28.1874,4.370436,16,4,4
-7.215468,-6.578282,12,14,18
-21.133532,-33.326134,10,10,10
-27.089935,-16.839264,8,10,10
-6.802661,-1.4390625,12,14,18
16.863619,-30.180155,4,2,2
-31.613989,-37.01875,10,10,10
13.222917,-27.594765,2,2,2
16.645424,-27.057274,2,2,2
16.691904,5.5149903,16,4,4
-9.913463,1.9031116,12,8,6
-28.172749,-21.711128,8,10,10
15.696637,-28.860138,2,2,2
-10.9667015,0.19573246,12,8,18
8.033471,-5.2732015,2,14,6
23.804636,-4.758194,6,4,4
-7.2271705,1.3261596,12,14,6
0.026284505,1.7233771,12,14,6
-18.395302,-1.785359,14,8,8
-34.010635,-25.827522,8,10,10
-39.071842,-21.620447,8,10,10
23.311554,-12.07764,6,4,12
12.349389,-29.611647,4,16,2
-6.757255,5.5531206,12,14,6
13.051774,-29.358854,4,16,2
15.694891,-29.22786,2,2,2
-22.05381,-8.441567,8,8,10
-20.571115,-14.706881,8,10,10
3.1460323,7.6984997,12,14,6
-19.930813,2.424945,14,8,8
31.23706,-3.4337249,16,4,0
4.866011,-2.330959,12,14,6
26.658484,6.3651834,16,4,4
29.71411,-1.7966355,16,4,0
26.420734,-3.0204089,16,4,4
-14.577808,8.174259,12,8,8
14.573678,-26.360939,2,2,2
-44.939896,-16.935787,8,8,8
9.0791235,3.0239854,12,14,6
-48.19351,-12.577276,8,8,8
29.766577,-12.879728,6,0,0
-22.153925,-8.410647,8,8,10
-11.883383,0.17939866,12,8,8
1.6705515,3.8532784,12,14,6
32.714436,-11.589535,6,0,0
5.9168983,2.4997463,12,14,6
-34.12172,-9.641257,8,8,8
10.038503,1.3695713,12,14,6
8.885349,-3.3737764,2,14,6
14.9774275,-31.211811,4,2,2
-30.087433,-16.412233,8,10,10
-8.507064,1.4866422,12,14,6
14.64693,-32.16117,4,2,2
-17.975468,-1.3793598,12,8,8
4.982504,4.7625213,12,14,6
11.305664,-27.175451,2,16,2
6.2453365,-2.3010519,12,14,6
-10.087979,-3.5492713,12,8,18
0.99215513,-1.0628912,12,14,6
-21.402893,-30.66307,10,10,10
-35.246437,-14.066846,8,8,8
25.282812,-2.8581936,16,4,4
16.5746,-31.209654,4,2,2
31.327492,1.3113395,16,4,0
-21.513157,-3.1842701,14,8,8
-15.360571,-15.000693,12,10,10
1.403421,2.9350913,12,14,6
15.685108,-29.757578,4,2,2
-9.501722,-2.672106,12,8,18
22.868917,8.738282,16,4,4
-0.15637243,-1.1580156,12,14,6
-47.125847,2.5050597,8,8,8
-3.0976954,-9.150821,12,14,18
-11.816617,1.0568178,12,8,8
8.642952,4.237479,12,14,6
0.3298093,6.188646,12,14,6
5.495847,4.5118885,12,14,6
12.961684,-31.506927,4,16,2
-1.782909,-2.7564762,12,14,6
1.2714474,-1.6530411,12,14,6
14.275104,-29.991634,4,2,2
25.778708,-1.146766,16,4,4
-35.74329,-25.598438,8,10,10
14.638434,-29.947353,4,2,2
-30.04178,-26.830914,10,10,10
8.403285,3.5367353,12,14,6
-10.145831,-1.6774565,12,8,18
26.140493,5.7856994,16,4,4
-10.393576,-2.17585,12,8,18
-31.592785,-13.877004,8,8,10
-39.470493,-4.6322885,8,8,8
16.105795,-27.073965,2,2,2
35.14926,5.3366046,16,0,0
-17.960306,-1.501873,12,8,8
10.036807,-30.522385,4,16,2
-7.816803,-8.301049,12,14,18
-30.080105,-6.000582,8,8,8
14.669992,-30.41783,4,2,2
-12.117701,3.0476856,12,8,8
25.793842,-9.001883,6,4,0
4.5079618,7.138456,12,14,6
12.134853,-1.53432,2,14,4
12.039067,-30.08792,4,16,2
15.197075,-30.567644,4,2,2
-15.710526,-4.4314485,12,8,10
25.031023,1.0429368,16,4,4
-12.77921,4.6529055,12,8,8
10.0182085,-4.591305,2,14,4
-14.722313,-5.008563,12,8,10
-7.7611003,-3.805463,12,14,18
2.3044603,2.4006367,12,14,6
14.419071,-30.067986,4,2,2
-16.17316,-34.425682,10,18,10
0.0017355238,3.164735,12,14,6
13.662766,-4.90204,2,4,4
-17.54546,-2.8646736,12,8,8
-8.8258505,-9.970446,12,10,18
-11.990358,3.682612,12,8,8
-22.165565,6.4414554,14,8,8
17.770657,-28.16003,2,2,2
7.816204,1.8738633,12,14,6
11.770165,5.879005,12,14,6
-21.01151,-2.0258863,14,8,8
-18.470276,-2.7359838,12,8,8
11.932988,-1.1060177,2,14,4
-12.585123,-18.988949,10,10,10
16.040186,-25.535856,2,2,2
-27.153324,-4.582449,8,8,8
-17.769384,-21.153803,10,10,10
33.48611,-3.3115034,16,0,0
12.382888,-26.638075,2,2,2
8.156528,5.621222,12,14,6
-27.218433,-21.392328,8,10,10
1.4210519,1.5199077,12,14,6
-10.504332,-14.9308605,12,10,10
-23.64262,12.223678,14,8,8
22.8881,-6.4184046,6,4,4
-7.277255,-0.21441303,12,14,18
-20.46728,0.31906077,14,8,8
37.53688,-5.4285655,16,0,0
13.737315,-28.507746,2,2,2
-22.45814,-37.50586,10,10,10
31.105654,-4.759335,16,4,0
18.391766,-29.446785,2,2,2
31.696138,-9.440691,16,0,0
-7.2408347,1.6709889,12,14,6
-16.417906,-0.5521736,12,8,8
2.5977116,7.859936,12,14,6
32.73934,-2.6703758,16,0,0
17.203642,-5.740108,2,4,4
8.328977,6.239531,12,14,6
26.933638,-3.9830892,16,4,4
26.76572,1.0941206,16,4,4
-19.44224,6.943145,14,8,8
30.249142,-1.3742385,16,4,0
13.446656,-29.110313,4,2,2
20.31015,-4.9957294,6,4,4
-40.565903,-16.46954,8,8,8
16.2483,-30.195518,4,2,2
16.099304,-30.143753,4,2,2
22.48637,-1.804846,6,4,4
-27.748512,-3.2235,8,8,8
-7.296978,-35.19914,10,16,16
-19.718216,2.2795317,14,8,8
-35.533356,-18.54567,8,10,10
3.9588728,5.0896945,12,14,6
-21.290947,4.427523,14,8,8
13.99991,-31.078257,4,2,2
12.776658,-28.534443,2,16,2
-29.010057,-7.81809,8,8,8
-19.197641,4.8461714,14,8,8
27.367283,-3.1631005,16,4,4
21.731525,1.9053887,16,4,4
40.28546,4.333377,16,0,0
8.52677,-0.36874008,12,14,6
6.5392656,-3.7082417,12,14,6
-1.9981252,-2.0358253,12,14,6
-30.548304,-22.309336,8,10,10
25.151922,5.9545083,16,4,4
13.052578,-30.957798,4,16,2
31.898293,-6.796718,16,0,0
3.2210972,-4.0561094,12,14,6
18.820274,-29.918064,2,2,2
9.390361,-2.1602125,2,14,6
-17.214188,-5.6547623,12,8,10
-10.45212,4.3205566,12,8,6
41.091774,-11.50206,16,0,0
-19.535315,-32.249924,10,10,10
29.932165,-22.59064,6,12,12
15.852908,-30.028048,4,2,2
-6.8674564,-2.2458816,12,14,18
23.835539,-1.1822413,16,4,4
-15.757167,0.6857818,12,8,8
0.84659946,1.3320363,12,14,6
13.747899,3.1001608,2,14,4
-11.729685,5.9554634,12,8,8
34.470848,-0.16620222,16,0,0
11.458915,-30.497427,4,16,2
37.948322,-3.7624264,16,0,0
-11.20876,5.7755313,12,8,8
12.284498,-31.427202,4,16,2
12.867117,-30.86764,4,16,2
19.102076,-3.8002336,6,4,4
-19.559576,-0.73344266,14,8,8
-35.45573,6.95696,14,8,8
-24.16797,-27.385359,10,10,10
-15.360298,8.041645,12,8,8
14.257012,-29.001747,2,2,2
-11.268543,0.6135427,12,8,18
13.40434,-32.2864,4,16,2
6.3697176,-6.6970596,2,14,6
-1.2306665,-0.18778224,12,14,6
11.687903,-28.340542,4,16,2
38.253555,-5.7543273,16,0,0
23.896841,-12.150731,6,4,12
-19.227419,1.4697396,14,8,8
15.747243,8.51424,16,4,4
-25.282452,-5.7861967,8,8,8
-19.825008,-26.779894,10,10,10
14.079641,-29.182425,4,2,2
14.198647,-30.263355,4,2,2
16.41231,4.357133,6,4,4
13.437425,-29.399088,4,2,2
14.510321,-30.484285,4,2,2
1.4346461,3.4117215,12,14,6
-6.92005,2.6176605,12,14,6
14.209069,-28.674063,2,2,2
-8.980376,-8.453411,12,10,18
14.741127,-27.492706,2,2,2
19.972792,-1.5628433,6,4,4
-17.451643,3.2332954,14,8,8
-37.77873,-21.30854,8,10,10
-10.60574,-0.5481513,12,8,18
-9.998396,-38.05529,10,16,16
-33.167686,-27.843294,10,10,10
-12.84598,-2.8114164,12,8,10
13.399525,-28.918818,4,2,2
-30.78052,-44.81524,10,10,10
-7.9009,-9.290632,12,14,18
31.267223,-4.1098413,16,4,0
5.050452,7.315744,12,14,6
-25.831726,-25.881893,10,10,10
11.942432,11.279948,12,14,6
-14.79005,-20.101774,10,10,10
13.048283,-29.960451,4,16,2
3.125716,-7.161045,12,14,18
-21.06395,-9.95136,8,8,10
13.331153,-2.7931197,2,4,4
-17.14631,-1.3307279,12,8,8
10.458934,4.126148,12,14,6
-15.614503,-0.709341,12,8,8
11.517392,-28.368313,4,16,2
4.565563,-2.016378,12,14,6
-49.239403,-11.429425,8,8,8
16.203756,-26.763544,2,2,2
34.696693,12.282347,16,4,4
13.9138975,4.587318,2,14,4
24.36124,3.8991315,16,4,4
-18.649714,-7.2211494,12,8,10
25.211687,8.058203,16,4,4
33.830708,7.7210965,16,4,0
34.61631,3.5598874,16,0,0
-10.622961,5.6415725,12,8,8
-11.571999,-0.77435935,12,8,18
24.987865,-12.527522,6,4,12
-19.53309,-1.7313368,14,8,8
-29.51117,1.9688994,14,8,8
28.04067,9.352344,16,4,4
14.638892,-29.345034,4,2,2
14.289024,-29.148312,4,2,2
17.434984,-29.632364,2,2,2
33.85719,-1.8135191,16,0,0
14.518763,-27.254984,2,2,2
-11.804236,0.9377711,12,8,8
9.452997,-5.583976,2,14,4
-6.3495445,2.0842676,12,14,6
13.894983,-27.14867,2,2,2
-14.034041,-0.38371414,12,8,8
12.940043,-26.117987,2,2,2
-41.88914,-29.140224,8,10,10
